{"stats":{"minecraft:dropped":{"candlelight:oak_big_table":1,"biomeswevegone:man_o_war_bucket":2,"aquamirae:fin_cutter":1,"born_in_chaos_v1:tombstone_petasi":64,"alexsmobs:animal_dictionary":2,"celestisynth:keres":4,"aquamirae:shell_horn":1,"celestisynth:poltergeist":1,"aquamirae:wisteria_niveis":65,"minecraft:phantom_membrane":1,"aquamirae:abyssal_tiara":1,"born_in_chaos_v1:spawn_structures_farm":1,"minecraft:string":194,"celestisynth:crescentia":1},"minecraft:used":{"candlelight:oak_big_table":8,"celestisynth:poltergeist":10,"aquamirae:wisteria_niveis":2,"biomeswevegone:man_o_war_bucket":1,"celestisynth:crescentia":17,"born_in_chaos_v1:spawn_structures_farm":2},"minecraft:custom":{"minecraft:time_since_rest":17037,"minecraft:sprint_one_cm":17709,"minecraft:damage_taken":117,"minecraft:walk_one_cm":44895,"minecraft:mob_kills":5,"minecraft:drop":23,"minecraft:damage_dealt":68,"minecraft:damage_dealt_absorbed":287,"minecraft:fly_one_cm":118379,"minecraft:crouch_one_cm":898,"minecraft:play_time":17037,"minecraft:sneak_time":596,"minecraft:walk_under_water_one_cm":1095,"minecraft:jump":149,"minecraft:leave_game":2,"minecraft:walk_on_water_one_cm":683,"minecraft:time_since_death":17037,"minecraft:climb_one_cm":281,"minecraft:total_world_time":17037},"minecraft:killed":{"ecologics:coconut_crab":1,"born_in_chaos_v1:pumpkin_spirit":1,"illager_additions:beamloger":1,"alexsmobs:seagull":2},"minecraft:picked_up":{"biomeswevegone:man_o_war_bucket":1,"minecraft:stick":3,"celestisynth:crescentia":1,"ecologics:coconut_slice":2,"born_in_chaos_v1:ethereal_spirit":1,"minecraft:sand":7,"alexsmobs:animal_dictionary":2,"minecraft:string":196,"bloomingnature:beach_bush":2,"bloomingnature:sand":4,"beachparty:seashell":2,"aquamirae:abyssal_tiara":1,"aquamirae:wisteria_niveis":65,"born_in_chaos_v1:spawn_structures_farm":1,"minecraft:hay_block":1,"candlelight:oak_big_table":1,"celestisynth:poltergeist":1,"minecraft:carved_pumpkin":1,"celestisynth:keres":3,"born_in_chaos_v1:tombstone_petasi":64,"minecraft:phantom_membrane":1,"ecologics:crab_claw":1}},"DataVersion":3465}