{"stats":{"minecraft:mined":{"minecraft:tuff":4,"minecraft:spruce_planks":1,"minecraft:glass_pane":1,"minecraft:deepslate_diamond_ore":1,"born_in_chaos_v1:infected_diamond_ore":2,"minecraft:crafting_table":2,"minecraft:acacia_log":1,"minecraft:grass_block":1,"terramity:deepslate_topaz_ore":2,"alexsmobs:leafcutter_ant_chamber":4,"iceandfire:deepslate_silver_ore":2,"minecraft:deepslate_gold_ore":7,"minecraft:sculk":1,"minecraft:coarse_dirt":1,"boh:spinel_ore_ore":4,"minecraft:iron_ore":1,"minecraft:stripped_spruce_log":5,"minecraft:grass":10,"minecraft:sculk_shrieker":2,"minecraft:smooth_basalt":2,"minecraft:stone":29,"minecraft:deepslate":17},"minecraft:killed":{"born_in_chaos_v1:diamond_termite":1,"born_in_chaos_v1:skeleton_demoman":1,"minecraft:spider":1,"minecraft:creeper":1,"born_in_chaos_v1:maggot":1,"born_in_chaos_v1:decrepit_skeleton":1,"terramity:green_fairy":1,"born_in_chaos_v1:baby_spider":1,"minecraft:skeleton":1,"minecraft:zombie":2,"alexsmobs:leafcutter_ant":1,"born_in_chaos_v1:corpse_fly":1,"born_in_chaos_v1:corpse_fish":1,"terramity:cave_gnome":1,"boh:celebi":1,"terramity:blue_fairy":1},"minecraft:picked_up":{"born_in_chaos_v1:corpse_maggot":3,"minecraft:crafting_table":2,"aether:iron_gloves":1,"boh:spinel":4,"terramity:topaz_sword":1,"minecraft:tuff":29,"minecraft:gunpowder":3,"skilltree:gem":3,"minecraft:string":2,"minecraft:dirt":2,"born_in_chaos_v1:nightmare_stalker_skull":1,"born_in_chaos_v1:monster_skin":2,"boh:exotic_soul":3,"minecraft:bone":5,"boh:demonic_soul":1,"minecraft:bow":1,"minecraft:cobbled_deepslate":146,"minecraft:wheat_seeds":1,"minecraft:raw_gold":8,"minecraft:spruce_planks":1,"minecraft:iron_ingot":18,"minecraft:iron_ore":11,"minecraft:iron_pickaxe":1,"minecraft:iron_boots":1,"alexsmobs:leafcutter_ant_chamber":2,"minecraft:raw_iron":4,"minecraft:stripped_spruce_log":5,"minecraft:spider_eye":1,"minecraft:arrow":2,"minecraft:rotten_flesh":5,"minecraft:diamond":4,"minecraft:iron_helmet":1,"born_in_chaos_v1:rotten_fish":2,"iceandfire:raw_silver":1,"minecraft:cobblestone":41},"minecraft:custom":{"minecraft:mob_kills":17,"minecraft:interact_with_crafting_table":4,"minecraft:open_barrel":7,"minecraft:time_since_death":2058,"minecraft:sleep_in_bed":1,"minecraft:climb_one_cm":5179,"minecraft:time_since_rest":2101,"minecraft:sprint_one_cm":85476,"minecraft:damage_taken":3875,"minecraft:walk_one_cm":154169,"minecraft:drop":11,"minecraft:damage_dealt":3242,"minecraft:swim_one_cm":200,"minecraft:player_kills":1,"minecraft:fly_one_cm":136488,"minecraft:open_chest":11,"minecraft:crouch_one_cm":6923,"minecraft:play_time":52557,"minecraft:deaths":12,"minecraft:sneak_time":1858,"minecraft:walk_under_water_one_cm":4570,"minecraft:jump":1046,"minecraft:walk_on_water_one_cm":22798,"minecraft:interact_with_smoker":2,"minecraft:total_world_time":52557,"minecraft:fall_one_cm":36673},"minecraft:used":{"minecraft:water_bucket":19,"minecraft:spruce_planks":6,"minecraft:dirt":2,"minecraft:crafting_table":4,"terramity:topaz_sword":50,"minecraft:iron_axe":12,"minecraft:iron_pickaxe":83,"born_in_chaos_v1:rotten_fish":2,"minecraft:bow":2,"minecraft:cooked_porkchop":5,"minecraft:bucket":20},"minecraft:dropped":{"born_in_chaos_v1:holiday_candy":1,"minecraft:cobblestone":2,"minecraft:rotten_flesh":4,"minecraft:iron_horse_armor":1,"minecraft:stick":3,"minecraft:dirt":1,"aether:iron_gloves":1,"born_in_chaos_v1:corpse_maggot":1,"minecraft:spider_eye":1,"minecraft:raw_gold":8},"minecraft:crafted":{"minecraft:cooked_porkchop":5,"minecraft:crafting_table":1,"minecraft:spruce_planks":5,"minecraft:iron_sword":1,"minecraft:bucket":1,"minecraft:air":21,"aether:iron_gloves":1,"minecraft:iron_axe":1,"minecraft:stick":8,"minecraft:iron_pickaxe":1},"minecraft:killed_by":{"minecraft:player":9,"born_in_chaos_v1:zombie_bruiser":1,"cave_dweller:cave_dweller":1}},"DataVersion":3465}