{"stats":{"minecraft:broken":{"minecraft:netherite_helmet":1},"minecraft:dropped":{"beachparty:rubber_ring_axolotl":1,"illager_additions:royal_guard_spear":2},"minecraft:custom":{"minecraft:interact_with_anvil":1,"minecraft:mob_kills":56,"minecraft:open_barrel":2,"minecraft:time_since_death":6603,"minecraft:climb_one_cm":1987,"minecraft:damage_resisted":1076,"minecraft:time_since_rest":6628,"minecraft:sprint_one_cm":74531,"minecraft:damage_absorbed":2706,"minecraft:damage_taken":5132,"minecraft:walk_one_cm":166297,"minecraft:damage_blocked_by_shield":6709,"minecraft:drop":3,"minecraft:damage_dealt":1236,"minecraft:swim_one_cm":12899,"minecraft:fly_one_cm":409779,"minecraft:open_chest":3,"minecraft:crouch_one_cm":55663,"minecraft:play_time":51586,"minecraft:deaths":8,"minecraft:sneak_time":5002,"minecraft:walk_under_water_one_cm":131498,"minecraft:jump":507,"minecraft:walk_on_water_one_cm":78648,"minecraft:total_world_time":51586,"minecraft:fall_one_cm":12535},"minecraft:used":{"endermanoverhaul:corrupted_shield":292,"celestisynth:breezebreaker":9,"minecraft:prismarine_brick_slab":4,"minecraft:shield":531,"illager_additions:master_katana":2,"illageandspillage:spellbound_book":4,"celestisynth:aquaflora":9,"minecraft:conduit":2,"celestisynth:crescentia":3,"celestisynth:rainfall_serenity":51,"minecraft:golden_apple":26,"minecraft:anvil":2,"celestisynth:solaris":14,"cataclysm:maledictus_spawn_egg":3,"celestisynth:keres":2,"illager_additions:royal_guard_spear":4,"illager_additions:beamloger_spawn_egg":74,"beachparty:radio":2,"celestisynth:frostbound":5,"minecraft:enchanted_golden_apple":14},"minecraft:killed":{"born_in_chaos_v1:barrel_zombie":1,"alexsmobs:lobster":1,"minecraft:cod":5,"alexsmobs:seagull":1,"wildernature:flamingo":2,"born_in_chaos_v1:decrepit_skeleton":1,"born_in_chaos_v1:maggot":1,"minecraft:skeleton":1,"minecraft:pillager":12,"minecraft:zombie":3,"ecologics:coconut_crab":2,"minecraft:drowned":1,"illager_additions:beamloger":6,"minecraft:turtle":1,"minecraft:tropical_fish":9},"minecraft:picked_up":{"minecraft:nautilus_shell":2,"minecraft:seagrass":1,"beachparty:rubber_ring_axolotl":1,"minecraft:feather":10,"minecraft:prismarine_shard":1,"minecraft:lead":1,"ecologics:seashell":1,"seadwellers:aquamarine":1,"beachparty:coconut":2,"projectvibrantjourneys:sea_oats":12,"seadwellers:depth_nugget":52,"bloomingnature:beach_grass":4,"minecraft:string":3,"bloomingnature:beach_bush":4,"minecraft:raw_copper":136,"biomemakeover:crude_fragment":2,"minecraft:purple_banner":3,"minecraft:bone":3,"beachparty:seashell":31,"minecraft:gold_nugget":5,"minecraft:raw_gold":39,"farmersdelight:cabbage":1,"minecraft:heart_of_the_sea":3,"bloomingnature:beach_bush_tall":2,"illager_additions:royal_guard_spear":2,"farmersdelight:cabbage_seeds":5,"ecologics:crab_claw":2,"biomeswevegone:man_o_war_bucket":1,"projectvibrantjourneys:light_brown_bark_mushroom":4,"minecraft:raw_iron":74,"ecologics:coconut_slice":16,"projectvibrantjourneys:bark_mushroom":1,"ecologics:coconut_seedling":2,"minecraft:quartz":9,"minecraft:sand":23,"minecraft:golden_axe":1,"minecraft:amethyst_shard":13,"projectvibrantjourneys:beach_grass":9,"seadwellers:blacksmith_loot_crate":64,"bloomingnature:sand":45,"minecraft:arrow":1,"minecraft:rotten_flesh":8,"ecologics:coconut_log":17,"minecraft:gold_ingot":5,"minecraft:emerald":63,"celestisynth:keres":1,"minecraft:coal":168},"minecraft:killed_by":{"illager_additions:beamloger":1,"cataclysm:maledictus":5}},"DataVersion":3465}