{"stats":{"minecraft:mined":{"minecraft:acacia_log":1,"minecraft:grass":4,"minecraft:glass_pane":1,"minecraft:grass_block":1},"minecraft:picked_up":{"minecraft:dirt":1},"minecraft:custom":{"minecraft:jump":114,"minecraft:open_chest":2,"minecraft:time_since_rest":1920,"minecraft:deaths":1,"minecraft:damage_dealt":32,"minecraft:crouch_one_cm":1,"minecraft:walk_on_water_one_cm":886,"minecraft:sprint_one_cm":20181,"minecraft:play_time":4557,"minecraft:damage_taken":470,"minecraft:time_since_death":1897,"minecraft:walk_one_cm":12388,"minecraft:sneak_time":3,"minecraft:climb_one_cm":5167,"minecraft:total_world_time":4557,"minecraft:fall_one_cm":2702,"minecraft:fly_one_cm":32286},"minecraft:killed_by":{"born_in_chaos_v1:zombie_bruiser":1}},"DataVersion":3465}