{"stats":{"minecraft:broken":{"iceandfire:armor_silver_metal_chestplate":1},"minecraft:mined":{"minecraft:deepslate_redstone_ore":1,"minecraft:tuff":14,"minecraft:spruce_planks":1,"minecraft:glass_pane":1,"minecraft:deepslate_diamond_ore":1,"minecraft:sculk_vein":1,"born_in_chaos_v1:infected_diamond_ore":2,"minecraft:crafting_table":2,"minecraft:torch":1,"minecraft:granite":27,"minecraft:acacia_log":1,"minecraft:grass_block":1,"terramity:deepslate_topaz_ore":2,"born_in_chaos_v1:black_argillite":9,"iceandfire:deepslate_silver_ore":2,"alexsmobs:leafcutter_ant_chamber":4,"terramity:fairystone":67,"minecraft:deepslate_coal_ore":2,"minecraft:deepslate_gold_ore":7,"minecraft:sculk":2,"minecraft:diorite":9,"minecraft:wall_torch":1,"minecraft:spawner":2,"minecraft:coarse_dirt":1,"boh:spinel_ore_ore":13,"minecraft:tinted_glass":2,"minecraft:iron_ore":2,"minecraft:andesite":1,"minecraft:stripped_spruce_log":5,"minecraft:grass":10,"minecraft:sculk_shrieker":2,"minecraft:flowering_azalea_leaves":5,"minecraft:deepslate_iron_ore":1,"minecraft:cobweb":23,"minecraft:smooth_basalt":2,"minecraft:stone":59,"minecraft:deepslate":118},"minecraft:killed":{"minecraft:cave_spider":1,"terramity:pink_fairy":1,"born_in_chaos_v1:mr_pumpkin":4,"born_in_chaos_v1:diamond_termite":1,"born_in_chaos_v1:skeleton_demoman":1,"minecraft:spider":1,"minecraft:creeper":2,"born_in_chaos_v1:decrepit_skeleton":1,"born_in_chaos_v1:maggot":2,"terramity:green_fairy":1,"born_in_chaos_v1:baby_spider":1,"minecraft:skeleton":1,"terramity:simple_turret":1,"minecraft:zombie":4,"alexsmobs:leafcutter_ant":1,"born_in_chaos_v1:corpse_fly":3,"born_in_chaos_v1:corpse_fish":1,"terramity:cave_gnome":1,"boh:celebi":1,"terramity:blue_fairy":1,"terramity:echo_bug":4},"minecraft:picked_up":{"born_in_chaos_v1:corpse_maggot":3,"minecraft:crafting_table":2,"born_in_chaos_v1:monster_flesh":1,"boh:spinel":13,"aether:iron_gloves":1,"terramity:topaz_sword":2,"minecraft:tuff":29,"minecraft:gunpowder":4,"skilltree:gem":7,"minecraft:dirt":2,"minecraft:string":29,"born_in_chaos_v1:nightmare_stalker_skull":1,"born_in_chaos_v1:monster_skin":2,"boh:exotic_soul":3,"minecraft:bone":6,"boh:demonic_soul":1,"terramity:electronic_scrap":1,"minecraft:bow":1,"minecraft:wheat_seeds":1,"minecraft:cobbled_deepslate":261,"minecraft:raw_gold":8,"minecraft:spruce_planks":1,"terramity:fairystone":64,"minecraft:echo_shard":9,"minecraft:iron_ingot":20,"minecraft:iron_ore":11,"born_in_chaos_v1:smoldering_infernal_ember":1,"terramity:echo_candy":1,"minecraft:iron_pickaxe":1,"minecraft:tinted_glass":2,"alexsmobs:leafcutter_ant_chamber":2,"minecraft:iron_boots":1,"minecraft:raw_iron":7,"terramity:tome_of_ascension":2,"minecraft:stripped_spruce_log":5,"minecraft:diorite":3,"minecraft:spider_eye":1,"minecraft:arrow":4,"minecraft:rotten_flesh":5,"minecraft:slime_ball":4,"minecraft:diamond":6,"minecraft:iron_helmet":1,"minecraft:granite":7,"minecraft:gray_wool":1,"born_in_chaos_v1:rotten_fish":2,"terramity:gold_round":3,"minecraft:coal":2,"iceandfire:raw_silver":3,"minecraft:cobblestone":307},"minecraft:custom":{"minecraft:mob_kills":34,"minecraft:interact_with_crafting_table":4,"minecraft:open_barrel":8,"minecraft:damage_dealt_resisted":313,"minecraft:leave_game":1,"minecraft:time_since_death":1218,"minecraft:sleep_in_bed":1,"minecraft:climb_one_cm":5347,"minecraft:time_since_rest":1250,"minecraft:sprint_one_cm":184231,"minecraft:damage_taken":7709,"minecraft:walk_one_cm":318098,"minecraft:drop":22,"minecraft:damage_dealt":7418,"minecraft:swim_one_cm":17736,"minecraft:player_kills":4,"minecraft:fly_one_cm":206150,"minecraft:open_chest":16,"minecraft:crouch_one_cm":10928,"minecraft:play_time":100296,"minecraft:deaths":25,"minecraft:sneak_time":3567,"minecraft:walk_under_water_one_cm":13227,"minecraft:jump":1627,"minecraft:walk_on_water_one_cm":33084,"minecraft:interact_with_smoker":2,"minecraft:total_world_time":100296,"minecraft:fall_one_cm":48279},"minecraft:used":{"epicfight:skillbook":4,"minecraft:water_bucket":20,"minecraft:spruce_planks":10,"minecraft:iron_sword":9,"minecraft:torch":6,"minecraft:dirt":2,"minecraft:crafting_table":4,"terramity:topaz_sword":129,"born_in_chaos_v1:corpse_maggot":1,"minecraft:iron_axe":15,"minecraft:iron_pickaxe":365,"terramity:echo_candy":1,"born_in_chaos_v1:rotten_fish":2,"minecraft:bow":2,"minecraft:cobblestone":30,"minecraft:cooked_porkchop":5,"minecraft:bucket":21,"minecraft:cobbled_deepslate":18},"minecraft:crafted":{"minecraft:cooked_porkchop":5,"minecraft:crafting_table":1,"minecraft:spruce_planks":5,"minecraft:iron_sword":1,"minecraft:bucket":1,"minecraft:air":21,"aether:iron_gloves":1,"minecraft:iron_axe":1,"minecraft:stick":8,"minecraft:iron_pickaxe":1},"minecraft:dropped":{"iceandfire:raw_silver":3,"minecraft:cobbled_deepslate":64,"born_in_chaos_v1:holiday_candy":1,"minecraft:cobblestone":60,"terramity:topaz_sword":1,"minecraft:rotten_flesh":4,"minecraft:iron_boots":1,"minecraft:iron_horse_armor":1,"minecraft:stick":3,"minecraft:dirt":1,"aether:iron_gloves":1,"terramity:echo_candy":1,"born_in_chaos_v1:corpse_maggot":1,"minecraft:spider_eye":1,"minecraft:slime_ball":4,"minecraft:arrow":1,"minecraft:raw_gold":8,"minecraft:string":43,"terramity:tome_of_ascension":1},"minecraft:killed_by":{"minecraft:warden":2,"minecraft:player":13,"terramity:echo_bug":4,"born_in_chaos_v1:zombie_bruiser":1,"cave_dweller:cave_dweller":1,"terramity:simple_turret":1}},"DataVersion":3465}