{"stats":{"minecraft:broken":{"iceandfire:armor_silver_metal_chestplate":1},"minecraft:mined":{"minecraft:tuff":14,"minecraft:spruce_planks":1,"minecraft:deepslate_diamond_ore":1,"minecraft:sculk_vein":1,"minecraft:jungle_leaves":11,"born_in_chaos_v1:infected_diamond_ore":2,"minecraft:granite":27,"minecraft:acacia_log":1,"minecraft:grass_block":1,"born_in_chaos_v1:black_argillite":9,"terramity:deepslate_topaz_ore":2,"iceandfire:deepslate_silver_ore":2,"alexsmobs:leafcutter_ant_chamber":4,"terramity:fairystone":67,"minecraft:spawner":3,"minecraft:iron_ore":2,"minecraft:andesite":1,"minecraft:stripped_spruce_log":5,"minecraft:sculk_shrieker":2,"minecraft:deepslate_iron_ore":1,"minecraft:flowering_azalea_leaves":5,"minecraft:stone":59,"minecraft:deepslate_redstone_ore":1,"minecraft:glass_pane":1,"minecraft:crafting_table":2,"minecraft:torch":1,"minecraft:mossy_cobblestone_wall":1,"minecraft:deepslate_coal_ore":2,"minecraft:deepslate_gold_ore":7,"minecraft:sculk":2,"minecraft:diorite":9,"minecraft:wall_torch":1,"minecraft:coarse_dirt":1,"boh:spinel_ore_ore":13,"minecraft:tinted_glass":2,"minecraft:grass":10,"minecraft:cobweb":23,"minecraft:smooth_basalt":2,"minecraft:oak_leaves":10,"minecraft:deepslate":118},"minecraft:killed":{"born_in_chaos_v1:lifestealer_true_form":1,"minecraft:cave_spider":1,"terramity:pink_fairy":1,"born_in_chaos_v1:mr_pumpkin":4,"born_in_chaos_v1:skeleton_demoman":1,"minecraft:spider":1,"born_in_chaos_v1:thornshell_crab":1,"born_in_chaos_v1:maggot":2,"minecraft:skeleton":2,"born_in_chaos_v1:baby_spider":1,"alexsmobs:leafcutter_ant":1,"born_in_chaos_v1:corpse_fish":1,"terramity:cave_gnome":1,"boh:celebi":1,"terramity:blue_fairy":1,"terramity:echo_bug":4,"born_in_chaos_v1:diamond_termite":1,"minecraft:creeper":2,"born_in_chaos_v1:decrepit_skeleton":1,"terramity:green_fairy":1,"terramity:simple_turret":1,"minecraft:zombie":6,"born_in_chaos_v1:corpse_fly":3},"minecraft:picked_up":{"minecraft:crafting_table":2,"born_in_chaos_v1:seedof_chaos":4,"aether:iron_gloves":1,"boh:spinel":13,"minecraft:string":29,"minecraft:iron_axe":1,"boh:demonic_soul":1,"terramity:electronic_scrap":1,"terramity:accursed_soul":5,"born_in_chaos_v1:chocolate_heart":5,"minecraft:cobbled_deepslate":261,"minecraft:spruce_planks":1,"minecraft:mossy_cobblestone_wall":1,"minecraft:echo_shard":9,"born_in_chaos_v1:smoldering_infernal_ember":8,"born_in_chaos_v1:gnawed_bones":1,"terramity:echo_candy":1,"minecraft:iron_pickaxe":1,"minecraft:tinted_glass":2,"minecraft:iron_boots":1,"alexsmobs:leafcutter_ant_chamber":2,"minecraft:raw_iron":7,"born_in_chaos_v1:pieceofdarkmetal":14,"minecraft:diorite":3,"minecraft:arrow":4,"minecraft:rotten_flesh":5,"born_in_chaos_v1:spiny_shell":2,"minecraft:cobblestone":307,"born_in_chaos_v1:corpse_maggot":3,"born_in_chaos_v1:monster_flesh":1,"minecraft:jungle_log":2,"terramity:topaz_sword":2,"minecraft:tuff":29,"minecraft:gunpowder":4,"skilltree:gem":8,"minecraft:dirt":2,"born_in_chaos_v1:nightmare_stalker_skull":1,"born_in_chaos_v1:monster_skin":2,"boh:exotic_soul":3,"minecraft:bone":8,"minecraft:bow":1,"minecraft:wheat_seeds":1,"minecraft:raw_gold":8,"terramity:fairystone":64,"minecraft:iron_ingot":20,"minecraft:iron_ore":11,"terramity:tome_of_ascension":2,"minecraft:stripped_spruce_log":5,"minecraft:spider_eye":1,"minecraft:slime_ball":4,"minecraft:diamond":6,"minecraft:iron_helmet":1,"minecraft:granite":7,"minecraft:gray_wool":1,"minecraft:oak_sapling":1,"born_in_chaos_v1:rotten_fish":3,"minecraft:coal":2,"terramity:gold_round":3,"iceandfire:raw_silver":3},"minecraft:used":{"minecraft:spruce_planks":20,"minecraft:iron_sword":9,"minecraft:torch":6,"minecraft:dirt":2,"born_in_chaos_v1:corpse_maggot":1,"minecraft:iron_axe":15,"terramity:echo_candy":1,"minecraft:bow":2,"minecraft:cobbled_deepslate":18,"minecraft:water_bucket":20,"epicfight:skillbook":4,"minecraft:crafting_table":4,"terramity:topaz_sword":163,"minecraft:iron_pickaxe":367,"minecraft:potion":1,"minecraft:cobblestone":30,"born_in_chaos_v1:rotten_fish":2,"minecraft:cooked_porkchop":5,"minecraft:bucket":21},"minecraft:custom":{"minecraft:mob_kills":39,"minecraft:interact_with_crafting_table":4,"minecraft:open_barrel":12,"minecraft:damage_dealt_resisted":466,"minecraft:leave_game":2,"minecraft:time_since_death":1207,"minecraft:climb_one_cm":9450,"minecraft:sprint_one_cm":210689,"minecraft:walk_one_cm":347440,"minecraft:drop":31,"minecraft:play_time":113687,"minecraft:sneak_time":3613,"minecraft:deaths":30,"minecraft:walk_under_water_one_cm":13457,"minecraft:jump":1851,"minecraft:walk_on_water_one_cm":37621,"minecraft:total_world_time":113687,"minecraft:sleep_in_bed":1,"minecraft:time_since_rest":1234,"minecraft:damage_taken":8748,"minecraft:damage_dealt":8588,"minecraft:swim_one_cm":22153,"minecraft:fly_one_cm":244065,"minecraft:player_kills":4,"minecraft:open_chest":21,"minecraft:crouch_one_cm":11200,"minecraft:interact_with_smoker":2,"minecraft:fall_one_cm":56530},"minecraft:crafted":{"minecraft:iron_axe":1,"minecraft:cooked_porkchop":5,"minecraft:crafting_table":1,"minecraft:spruce_planks":5,"minecraft:iron_sword":1,"minecraft:bucket":1,"minecraft:air":21,"aether:iron_gloves":1,"minecraft:stick":8,"minecraft:iron_pickaxe":1},"minecraft:dropped":{"iceandfire:raw_silver":3,"born_in_chaos_v1:holiday_candy":1,"terramity:topaz_sword":1,"minecraft:cobblestone":60,"minecraft:iron_horse_armor":1,"born_in_chaos_v1:pieceofdarkmetal":7,"minecraft:coal":4,"minecraft:stick":3,"minecraft:dirt":1,"born_in_chaos_v1:nightmare_stalker_skull":1,"skilltree:gem":1,"minecraft:iron_axe":2,"minecraft:string":43,"minecraft:cobbled_deepslate":64,"born_in_chaos_v1:rotten_fish":1,"minecraft:rotten_flesh":4,"minecraft:iron_boots":1,"minecraft:gunpowder":1,"terramity:echo_candy":1,"aether:iron_gloves":1,"born_in_chaos_v1:corpse_maggot":1,"minecraft:spider_eye":1,"minecraft:slime_ball":4,"minecraft:arrow":1,"minecraft:bow":1,"minecraft:raw_gold":8,"terramity:tome_of_ascension":1},"minecraft:killed_by":{"born_in_chaos_v1:lifestealer_true_form":1,"minecraft:player":13,"terramity:echo_bug":4,"born_in_chaos_v1:zombie_bruiser":1,"terramity:simple_turret":1,"minecraft:warden":2,"minecraft:hoglin":1,"born_in_chaos_v1:pumpkinhead":1,"cave_dweller:cave_dweller":1}},"DataVersion":3465}