{"stats":{"minecraft:mined":{"minecraft:dark_oak_leaves":10,"minecraft:birch_log":10,"minecraft:dark_oak_log":19,"minecraft:birch_leaves":2,"minecraft:crafting_table":1,"minecraft:oak_log":11,"minecraft:stone":7,"minecraft:oak_leaves":2},"minecraft:killed_by":{"minecraft:player":1},"minecraft:dropped":{"minecraft:wooden_pickaxe":1},"minecraft:crafted":{"minecraft:dark_oak_boat":1,"minecraft:crafting_table":1,"minecraft:stick":1,"minecraft:stone_pickaxe":1,"minecraft:dark_oak_planks":7,"minecraft:stone_axe":1,"minecraft:air":36},"minecraft:used":{"minecraft:stone_pickaxe":9,"minecraft:wooden_pickaxe":7,"minecraft:stone_axe":38,"minecraft:dark_oak_boat":1,"minecraft:crafting_table":2,"alexsmobs:animal_dictionary":1},"minecraft:killed":{"minecraft:pig":1,"minecraft:chicken":1},"minecraft:picked_up":{"minecraft:birch_log":10,"minecraft:crafting_table":1,"minecraft:feather":1,"minecraft:chicken":1,"minecraft:wooden_pickaxe":1,"minecraft:porkchop":1,"minecraft:oak_log":11,"minecraft:dark_oak_log":19,"minecraft:cobblestone":7},"minecraft:custom":{"minecraft:time_since_rest":5540,"minecraft:sprint_one_cm":23846,"minecraft:damage_taken":396,"minecraft:walk_one_cm":24107,"minecraft:mob_kills":2,"minecraft:drop":1,"minecraft:damage_dealt":342,"minecraft:interact_with_crafting_table":5,"minecraft:fly_one_cm":32359,"minecraft:player_kills":1,"minecraft:crouch_one_cm":2646,"minecraft:play_time":12358,"minecraft:deaths":1,"minecraft:sneak_time":609,"minecraft:walk_under_water_one_cm":181,"minecraft:boat_one_cm":36695,"minecraft:jump":182,"minecraft:time_since_death":5515,"minecraft:walk_on_water_one_cm":366,"minecraft:total_world_time":12358,"minecraft:fall_one_cm":6680}},"DataVersion":3465}