{"stats":{"minecraft:broken":{"minecraft:stone_axe":1},"minecraft:mined":{"minecraft:tuff":63,"minecraft:spruce_planks":2,"iceandfire:silver_ore":5,"minecraft:deepslate_diamond_ore":1,"minecraft:sculk_vein":3,"minecraft:granite":58,"minecraft:acacia_log":12,"minecraft:grass_block":5,"minecraft:jungle_log":8,"minecraft:sculk_catalyst":2,"minecraft:iron_ore":60,"minecraft:cobbled_deepslate":1,"minecraft:fire":5,"minecraft:andesite":42,"minecraft:deepslate_lapis_ore":6,"minecraft:brown_bed":2,"minecraft:deepslate_iron_ore":3,"minecraft:vine":5,"minecraft:light_gray_concrete":3,"minecraft:stripped_oak_log":1,"minecraft:stone":1590,"minecraft:spruce_slab":3,"minecraft:tripwire":1,"minecraft:acacia_leaves":1,"minecraft:glass_pane":1,"born_in_chaos_v1:infected_deepslate_diamond_ore":5,"minecraft:oak_fence":1,"minecraft:smooth_sandstone":4,"minecraft:torch":4,"minecraft:melon":22,"minecraft:sculk_sensor":2,"minecraft:copper_ore":15,"minecraft:tall_grass":4,"minecraft:cobblestone":5,"minecraft:deepslate_gold_ore":30,"minecraft:lapis_ore":4,"minecraft:sculk":43,"minecraft:diorite":97,"minecraft:iron_door":1,"minecraft:wall_torch":10,"terramity:igneostone":54,"boh:spinel_ore_ore":10,"minecraft:birch_log":6,"minecraft:birch_leaves":1,"minecraft:lime_concrete":26,"minecraft:stone_brick_stairs":1,"minecraft:grass":29,"minecraft:oak_log":49,"minecraft:coal_ore":238,"minecraft:gravel":1,"minecraft:dirt":6,"minecraft:smooth_quartz":8,"terramity:deepslate_iridescent_ore":9,"minecraft:netherrack":1,"minecraft:oak_leaves":10,"minecraft:deepslate":942,"minecraft:fern":4},"minecraft:killed":{"born_in_chaos_v1:mr_pumpkin":1,"born_in_chaos_v1:skeleton_demoman":2,"minecraft:spider":1,"born_in_chaos_v1:zombie_bruiser":2,"born_in_chaos_v1:maggot":6,"minecraft:skeleton":8,"born_in_chaos_v1:skeleton_thrasher":1,"terramity:cave_gnome":2,"alexsmobs:kangaroo":1,"born_in_chaos_v1:diamond_termite":11,"born_in_chaos_v1:pumpkin_dunce":1,"born_in_chaos_v1:baby_skeleton":1,"born_in_chaos_v1:decrepit_skeleton":3,"born_in_chaos_v1:decaying_zombie":2,"minecraft:zombie":5,"born_in_chaos_v1:mrs_pumpkin":1},"minecraft:picked_up":{"born_in_chaos_v1:diamond_termite_shard":11,"minecraft:ladder":1,"terramity:fairy_dust":1,"boh:spinel":10,"minecraft:brown_bed":2,"minecraft:stone_brick_stairs":1,"born_in_chaos_v1:holiday_candy":1,"minecraft:string":2,"minecraft:raw_copper":54,"minecraft:cobbled_deepslate":912,"minecraft:bucket":2,"minecraft:spruce_planks":3,"born_in_chaos_v1:smoldering_infernal_ember":1,"minecraft:smooth_quartz":8,"minecraft:spruce_slab":3,"minecraft:melon_slice":109,"minecraft:raw_iron":63,"born_in_chaos_v1:shattered_skull":6,"minecraft:oak_fence":1,"minecraft:torch":20,"minecraft:acacia_log":12,"epicfight:skillbook":2,"minecraft:diorite":95,"born_in_chaos_v1:pieceofdarkmetal":7,"minecraft:arrow":8,"minecraft:rotten_flesh":29,"born_in_chaos_v1:sweet_sword":1,"minecraft:cobblestone":1611,"minecraft:stripped_oak_log":2,"minecraft:birch_log":6,"born_in_chaos_v1:corpse_maggot":7,"minecraft:iron_door":1,"minecraft:jungle_log":8,"minecraft:andesite":44,"born_in_chaos_v1:mint_ice_cream":1,"minecraft:tuff":61,"minecraft:oak_log":49,"minecraft:gunpowder":8,"minecraft:lapis_lazuli":35,"skilltree:gem":22,"minecraft:dirt":9,"terramity:igneostone":54,"minecraft:smooth_sandstone":4,"minecraft:bone":22,"minecraft:wheat_seeds":1,"minecraft:raw_gold":30,"minecraft:iron_ingot":1,"born_in_chaos_v1:caramel_pepper":1,"minecraft:iron_sword":1,"minecraft:acacia_sapling":1,"boh:gojibreath":3,"terramity:spring":1,"minecraft:gravel":1,"minecraft:lime_concrete":26,"terramity:iridescent_shard":24,"alexsmobs:animal_dictionary":1,"minecraft:light_gray_concrete":3,"alexsmobs:kangaroo_hide":2,"minecraft:diamond":1,"minecraft:granite":58,"vanillaplustools:stone_hammer":1,"minecraft:coal":238,"iceandfire:raw_silver":5},"minecraft:used":{"minecraft:chest":8,"minecraft:stone":20,"minecraft:iron_sword":77,"vanillaplustools:stone_hammer":370,"minecraft:oak_door":6,"minecraft:torch":848,"minecraft:dirt":16,"minecraft:jungle_planks":8,"boh:gojibreath":6,"born_in_chaos_v1:caramel_pepper":1,"minecraft:furnace":6,"born_in_chaos_v1:sweet_sword":5,"minecraft:cobbled_deepslate":626,"minecraft:brown_bed":4,"epicfight:skillbook":5,"minecraft:diorite":106,"minecraft:stone_pickaxe":54,"minecraft:baked_potato":10,"minecraft:wooden_pickaxe":53,"minecraft:crafting_table":10,"minecraft:apple":3,"minecraft:melon_slice":48,"minecraft:bread":1,"minecraft:iron_pickaxe":37,"minecraft:stone_axe":150,"minecraft:cobblestone":362,"minecraft:potion":1,"vanillaplustools:iron_hammer":30,"minecraft:cooked_porkchop":4,"alexsmobs:animal_dictionary":1},"minecraft:custom":{"minecraft:mob_kills":48,"minecraft:interact_with_crafting_table":33,"minecraft:open_barrel":23,"minecraft:leave_game":4,"minecraft:time_since_death":206829,"minecraft:climb_one_cm":9905,"minecraft:sprint_one_cm":288484,"minecraft:walk_one_cm":449655,"minecraft:drop":45,"minecraft:talked_to_villager":4,"minecraft:play_time":244605,"minecraft:deaths":7,"minecraft:sneak_time":21219,"minecraft:walk_under_water_one_cm":1638,"minecraft:jump":1948,"minecraft:interact_with_blast_furnace":2,"minecraft:walk_on_water_one_cm":18231,"minecraft:total_world_time":244605,"minecraft:interact_with_furnace":41,"minecraft:sleep_in_bed":1,"minecraft:time_since_rest":149170,"minecraft:damage_taken":4057,"minecraft:minecart_one_cm":2162,"minecraft:damage_dealt":8591,"minecraft:fly_one_cm":355443,"minecraft:open_chest":43,"minecraft:crouch_one_cm":87382,"minecraft:fall_one_cm":182179},"minecraft:dropped":{"born_in_chaos_v1:shattered_skull":4,"minecraft:cobblestone":200,"minecraft:granite":58,"minecraft:jungle_planks":1,"minecraft:dirt":1,"minecraft:diorite":42,"skilltree:gem":11,"born_in_chaos_v1:mint_ice_cream":1,"minecraft:smooth_sandstone":4,"minecraft:bone":5,"alexsmobs:animal_dictionary":1,"minecraft:rotten_flesh":10,"minecraft:stripped_oak_log":1,"terramity:igneostone":54,"born_in_chaos_v1:smoldering_infernal_ember":1,"terramity:iridescent_shard":1,"minecraft:spruce_planks":1,"minecraft:andesite":17,"vanillaplustools:stone_hammer":1,"minecraft:arrow":1,"terramity:spring":1,"epicfight:skillbook":2},"minecraft:crafted":{"minecraft:oak_door":4,"minecraft:oak_planks":87,"vanillaplustools:stone_hammer":6,"minecraft:furnace":3,"minecraft:diamond":1,"vanillaplustools:iron_hammer":1,"minecraft:iron_boots":1,"minecraft:stone_pickaxe":37,"minecraft:chest":4,"minecraft:cooked_porkchop":6,"iceandfire:silver_ingot":2,"minecraft:crafting_table":5,"minecraft:wooden_pickaxe":2,"minecraft:iron_helmet":1,"minecraft:baked_potato":15,"minecraft:copper_ingot":54,"minecraft:stone_axe":3,"minecraft:air":703,"minecraft:jungle_planks":8,"minecraft:iron_chestplate":1,"minecraft:stick":91,"minecraft:iron_pickaxe":11,"minecraft:iron_ingot":60,"minecraft:iron_leggings":1,"minecraft:acacia_planks":15,"minecraft:torch":178},"minecraft:killed_by":{"minecraft:creeper":1,"alexsmobs:rhinoceros":1,"minecraft:zombie":2,"alexsmobs:kangaroo":1}},"DataVersion":3465}