{"stats":{"minecraft:mined":{"minecraft:tuff":6,"minecraft:dark_oak_leaves":21,"minecraft:dark_oak_log":117,"minecraft:clay":1,"minecraft:crafting_table":5,"minecraft:torch":3,"minecraft:cave_vines_plant":6,"minecraft:granite":50,"minecraft:grass_block":3,"minecraft:copper_ore":1,"minecraft:cobblestone":10,"minecraft:diorite":26,"minecraft:wall_torch":2,"minecraft:deepslate_copper_ore":10,"minecraft:large_fern":2,"minecraft:furnace":1,"minecraft:packed_mud":2,"minecraft:birch_log":10,"minecraft:iron_ore":13,"minecraft:barrel":1,"minecraft:birch_leaves":2,"minecraft:andesite":27,"minecraft:grass":2,"minecraft:coal_ore":52,"minecraft:oak_log":11,"minecraft:cave_vines":1,"minecraft:deepslate_iron_ore":1,"terramity:cardboard_block":1,"minecraft:dirt":10,"minecraft:polished_blackstone":1,"minecraft:stone":663,"minecraft:deepslate":43,"minecraft:oak_leaves":2,"minecraft:spruce_slab":1,"minecraft:fern":1},"minecraft:killed_by":{"born_in_chaos_v1:bonescaller":1,"minecraft:player":2,"minecraft:skeleton":1,"born_in_chaos_v1:corpse_fly":1},"minecraft:dropped":{"minecraft:wooden_pickaxe":1},"minecraft:crafted":{"vanillaplustools:stone_hammer":3,"terramity:cardboard":1,"minecraft:dark_oak_boat":2,"minecraft:crafting_table":5,"minecraft:wooden_pickaxe":2,"minecraft:iron_sword":1,"minecraft:furnace":3,"iceandfire:armor_copper_metal_leggings":1,"minecraft:copper_ingot":26,"minecraft:stone_axe":3,"iceandfire:armor_copper_metal_boots":1,"minecraft:air":435,"iceandfire:armor_copper_metal_helmet":1,"minecraft:iron_chestplate":1,"minecraft:charcoal":18,"terramity:cardboard_block":8,"born_in_chaos_v1:fried_maggot":3,"minecraft:stick":41,"minecraft:iron_ingot":13,"minecraft:stone_pickaxe":30,"minecraft:dark_oak_planks":58,"minecraft:torch":20},"minecraft:used":{"minecraft:spruce_slab":4,"minecraft:stone_pickaxe":86,"minecraft:wooden_pickaxe":68,"minecraft:iron_sword":15,"vanillaplustools:stone_hammer":101,"born_in_chaos_v1:fried_maggot":3,"minecraft:rotten_flesh":3,"minecraft:torch":166,"minecraft:glow_berries":3,"minecraft:dirt":40,"terramity:cardboard_block":2,"minecraft:mutton":2,"minecraft:crafting_table":18,"minecraft:tuff":6,"minecraft:granite":2,"minecraft:dark_oak_planks":24,"minecraft:packed_mud":2,"minecraft:stone_axe":141,"minecraft:cobblestone":58,"minecraft:dark_oak_boat":2,"minecraft:furnace":8,"alexsmobs:animal_dictionary":1},"minecraft:broken":{"minecraft:wooden_pickaxe":1},"minecraft:killed":{"terramity:pink_fairy":1,"minecraft:pig":1,"born_in_chaos_v1:maggot":2,"minecraft:sheep":1,"minecraft:skeleton":1,"minecraft:zombie":2,"minecraft:chicken":1,"born_in_chaos_v1:corpse_fly":4,"minecraft:silverfish":2,"terramity:blue_fairy":1},"minecraft:custom":{"minecraft:interact_with_furnace":26,"minecraft:mob_kills":17,"minecraft:interact_with_crafting_table":39,"minecraft:open_barrel":1,"minecraft:leave_game":1,"minecraft:time_since_death":9735,"minecraft:climb_one_cm":1911,"minecraft:time_since_rest":9773,"minecraft:sprint_one_cm":81972,"minecraft:damage_taken":2686,"minecraft:walk_one_cm":161948,"minecraft:drop":1,"minecraft:damage_dealt":1727,"minecraft:swim_one_cm":7280,"minecraft:fly_one_cm":96280,"minecraft:player_kills":2,"minecraft:crouch_one_cm":21005,"minecraft:play_time":70113,"minecraft:deaths":8,"minecraft:sneak_time":5948,"minecraft:walk_under_water_one_cm":1783,"minecraft:boat_one_cm":173019,"minecraft:jump":696,"minecraft:walk_on_water_one_cm":2690,"minecraft:total_world_time":70113,"minecraft:fall_one_cm":36549},"minecraft:picked_up":{"minecraft:birch_log":10,"born_in_chaos_v1:corpse_maggot":3,"minecraft:crafting_table":5,"minecraft:feather":1,"minecraft:chicken":1,"minecraft:clay_ball":4,"minecraft:andesite":27,"minecraft:dark_oak_boat":1,"terramity:fairy_dust":1,"minecraft:wooden_pickaxe":1,"minecraft:packed_mud":2,"minecraft:flint":5,"minecraft:tuff":6,"minecraft:oak_log":11,"minecraft:gunpowder":11,"skilltree:gem":3,"minecraft:raw_copper":41,"minecraft:dirt":32,"minecraft:bone":1,"minecraft:wheat_seeds":3,"minecraft:cobbled_deepslate":21,"minecraft:iron_ingot":3,"minecraft:spruce_slab":2,"minecraft:furnace":1,"minecraft:raw_iron":14,"minecraft:torch":5,"minecraft:porkchop":1,"minecraft:diorite":25,"minecraft:dark_oak_log":124,"minecraft:barrel":1,"minecraft:arrow":1,"minecraft:rotten_flesh":4,"minecraft:granite":50,"minecraft:polished_blackstone":1,"minecraft:glow_berries":6,"minecraft:mutton":2,"minecraft:coal":52,"minecraft:white_wool":1,"minecraft:cobblestone":736}},"DataVersion":3465}