{"stats":{"minecraft:mined":{"minecraft:tuff":6,"minecraft:dark_oak_leaves":21,"minecraft:dark_oak_log":117,"minecraft:granite":50,"minecraft:cave_vines_plant":9,"minecraft:grass_block":3,"minecraft:large_fern":2,"minecraft:packed_mud":2,"minecraft:furnace":3,"minecraft:iron_ore":27,"minecraft:barrel":1,"minecraft:andesite":27,"minecraft:big_dripleaf_stem":1,"minecraft:cave_vines":3,"minecraft:deepslate_iron_ore":8,"minecraft:vine":3,"terramity:cardboard_block":1,"minecraft:stone":760,"minecraft:spruce_slab":1,"minecraft:clay":2,"minecraft:crafting_table":7,"minecraft:torch":6,"minecraft:copper_ore":1,"minecraft:tall_grass":2,"minecraft:cobblestone":13,"minecraft:diorite":29,"minecraft:wall_torch":3,"minecraft:deepslate_copper_ore":10,"minecraft:birch_log":10,"minecraft:birch_leaves":2,"minecraft:grass":5,"minecraft:oak_log":11,"minecraft:coal_ore":52,"minecraft:dirt":10,"minecraft:polished_blackstone":1,"minecraft:oak_leaves":2,"minecraft:deepslate":63,"minecraft:fern":1},"minecraft:killed_by":{"minecraft:player":2,"born_in_chaos_v1:corpse_fly":1,"born_in_chaos_v1:bonescaller":1,"minecraft:skeleton":1},"minecraft:dropped":{"minecraft:wheat_seeds":1,"minecraft:cobblestone":2,"minecraft:diorite":28,"minecraft:iron_nugget":8,"terramity:copper_round":4,"iceandfire:armor_copper_metal_helmet":1,"minecraft:andesite":27,"born_in_chaos_v1:spiritual_guide_sombrero_helmet":4,"minecraft:arrow":1,"minecraft:stone_pickaxe":1,"minecraft:wooden_pickaxe":1},"minecraft:crafted":{"vanillaplustools:stone_hammer":3,"minecraft:dark_oak_boat":2,"minecraft:iron_nugget":9,"minecraft:dark_oak_wood":3,"minecraft:furnace":3,"iceandfire:armor_copper_metal_leggings":1,"terramity:big_iron":1,"terramity:copper_round":1,"iceandfire:armor_copper_metal_helmet":1,"iceandfire:armor_copper_metal_boots":1,"minecraft:dark_oak_door":1,"born_in_chaos_v1:fried_maggot":3,"terramity:cardboard_block":16,"minecraft:stone_pickaxe":30,"minecraft:chest":2,"minecraft:dark_oak_planks":73,"terramity:cardboard":33,"minecraft:crafting_table":5,"minecraft:wooden_pickaxe":2,"minecraft:iron_sword":1,"minecraft:copper_ingot":37,"minecraft:stone_axe":3,"minecraft:air":513,"minecraft:iron_chestplate":1,"minecraft:charcoal":18,"minecraft:stick":41,"minecraft:iron_pickaxe":1,"minecraft:iron_ingot":34,"minecraft:iron_block":2,"minecraft:torch":30},"minecraft:used":{"minecraft:spruce_slab":4,"minecraft:chest":4,"minecraft:iron_sword":51,"vanillaplustools:stone_hammer":118,"born_in_chaos_v1:fried_maggot":3,"minecraft:rotten_flesh":3,"minecraft:torch":256,"minecraft:dirt":40,"minecraft:mutton":2,"minecraft:tuff":12,"minecraft:granite":2,"minecraft:dark_oak_planks":24,"minecraft:packed_mud":2,"minecraft:dark_oak_boat":2,"minecraft:furnace":12,"minecraft:stone_pickaxe":99,"minecraft:wooden_pickaxe":68,"minecraft:glow_berries":21,"terramity:cardboard_block":10,"minecraft:crafting_table":22,"born_in_chaos_v1:holiday_candy":1,"minecraft:dark_oak_door":4,"minecraft:iron_pickaxe":1,"minecraft:stone_axe":144,"minecraft:cobblestone":160,"alexsmobs:animal_dictionary":1},"minecraft:broken":{"minecraft:wooden_pickaxe":1},"minecraft:killed":{"terramity:pink_fairy":1,"born_in_chaos_v1:maggot":2,"minecraft:skeleton":4,"minecraft:chicken":1,"minecraft:silverfish":2,"terramity:blue_fairy":1,"minecraft:pig":1,"minecraft:creeper":1,"terramity:green_fairy":1,"minecraft:sheep":2,"minecraft:zombie":3,"born_in_chaos_v1:corpse_fly":5},"minecraft:custom":{"minecraft:mob_kills":25,"minecraft:interact_with_crafting_table":58,"minecraft:open_barrel":1,"minecraft:leave_game":1,"minecraft:time_since_death":39735,"minecraft:climb_one_cm":1911,"minecraft:sprint_one_cm":129212,"minecraft:walk_one_cm":256290,"minecraft:drop":14,"minecraft:play_time":100113,"minecraft:deaths":8,"minecraft:sneak_time":7671,"minecraft:walk_under_water_one_cm":1783,"minecraft:boat_one_cm":173019,"minecraft:jump":1087,"minecraft:walk_on_water_one_cm":3298,"minecraft:total_world_time":100113,"minecraft:interact_with_furnace":36,"minecraft:time_since_rest":39773,"minecraft:damage_taken":2853,"minecraft:damage_dealt":3106,"minecraft:swim_one_cm":7280,"minecraft:fly_one_cm":123448,"minecraft:player_kills":2,"minecraft:open_chest":10,"minecraft:crouch_one_cm":26956,"minecraft:fall_one_cm":41070},"minecraft:picked_up":{"minecraft:crafting_table":7,"minecraft:chicken":1,"minecraft:clay_ball":8,"terramity:fairy_dust":2,"minecraft:wooden_pickaxe":1,"terramity:copper_round":4,"born_in_chaos_v1:holiday_candy":1,"minecraft:raw_copper":45,"minecraft:cobbled_deepslate":78,"minecraft:spruce_slab":2,"minecraft:light_gray_wool":1,"minecraft:furnace":3,"minecraft:dark_oak_door":1,"minecraft:raw_iron":36,"terramity:big_iron":1,"minecraft:big_dripleaf":5,"minecraft:copper_ingot":20,"minecraft:torch":8,"minecraft:porkchop":1,"minecraft:diorite":28,"minecraft:rotten_flesh":5,"minecraft:arrow":2,"minecraft:polished_blackstone":1,"minecraft:glow_berries":10,"minecraft:mutton":3,"minecraft:white_wool":1,"minecraft:cobblestone":1030,"minecraft:birch_log":10,"born_in_chaos_v1:corpse_maggot":4,"minecraft:feather":1,"minecraft:andesite":27,"minecraft:dark_oak_boat":1,"minecraft:packed_mud":2,"minecraft:flint":5,"minecraft:tuff":6,"minecraft:oak_log":11,"minecraft:gunpowder":12,"iceandfire:armor_copper_metal_helmet":1,"skilltree:gem":4,"minecraft:dirt":32,"minecraft:bone":6,"minecraft:wheat_seeds":3,"minecraft:stone_pickaxe":1,"minecraft:iron_ingot":6,"minecraft:dark_oak_log":124,"minecraft:barrel":1,"minecraft:granite":99,"born_in_chaos_v1:spiritual_guide_sombrero_helmet":4,"minecraft:coal":76}},"DataVersion":3465}