{"stats":{"minecraft:mined":{"minecraft:tuff":3,"minecraft:dark_oak_leaves":21,"minecraft:dark_oak_log":117,"minecraft:cave_vines_plant":1,"minecraft:clay":1,"minecraft:crafting_table":5,"minecraft:torch":3,"minecraft:granite":50,"minecraft:grass_block":3,"minecraft:copper_ore":1,"minecraft:cobblestone":6,"minecraft:diorite":26,"minecraft:wall_torch":2,"minecraft:large_fern":2,"minecraft:furnace":1,"minecraft:packed_mud":2,"minecraft:iron_ore":13,"minecraft:birch_log":10,"minecraft:barrel":1,"minecraft:andesite":27,"minecraft:birch_leaves":2,"minecraft:coal_ore":52,"minecraft:oak_log":11,"minecraft:deepslate_iron_ore":1,"terramity:cardboard_block":1,"minecraft:dirt":10,"minecraft:polished_blackstone":1,"minecraft:stone":659,"minecraft:deepslate":21,"minecraft:oak_leaves":2,"minecraft:spruce_slab":1,"minecraft:fern":1},"minecraft:killed_by":{"born_in_chaos_v1:bonescaller":1,"minecraft:player":2,"minecraft:skeleton":1,"born_in_chaos_v1:corpse_fly":1},"minecraft:dropped":{"minecraft:wooden_pickaxe":1},"minecraft:crafted":{"vanillaplustools:stone_hammer":3,"terramity:cardboard":1,"minecraft:dark_oak_boat":2,"minecraft:crafting_table":5,"minecraft:wooden_pickaxe":2,"minecraft:iron_sword":1,"minecraft:furnace":2,"minecraft:stone_axe":3,"minecraft:air":430,"minecraft:iron_chestplate":1,"minecraft:charcoal":18,"born_in_chaos_v1:fried_maggot":1,"terramity:cardboard_block":8,"minecraft:stick":41,"minecraft:iron_ingot":13,"minecraft:stone_pickaxe":29,"minecraft:dark_oak_planks":58,"minecraft:torch":20},"minecraft:used":{"minecraft:spruce_slab":4,"minecraft:stone_pickaxe":83,"minecraft:wooden_pickaxe":65,"minecraft:iron_sword":9,"vanillaplustools:stone_hammer":96,"born_in_chaos_v1:fried_maggot":1,"minecraft:rotten_flesh":3,"minecraft:torch":132,"minecraft:dirt":40,"terramity:cardboard_block":2,"minecraft:mutton":2,"minecraft:crafting_table":18,"minecraft:granite":2,"minecraft:dark_oak_planks":24,"minecraft:packed_mud":2,"minecraft:stone_axe":141,"minecraft:cobblestone":46,"minecraft:dark_oak_boat":2,"minecraft:furnace":6,"alexsmobs:animal_dictionary":1},"minecraft:killed":{"terramity:pink_fairy":1,"minecraft:pig":1,"born_in_chaos_v1:maggot":2,"minecraft:sheep":1,"minecraft:zombie":2,"minecraft:chicken":1,"born_in_chaos_v1:corpse_fly":4,"minecraft:silverfish":2,"terramity:blue_fairy":1},"minecraft:custom":{"minecraft:interact_with_furnace":14,"minecraft:mob_kills":16,"minecraft:interact_with_crafting_table":32,"minecraft:open_barrel":1,"minecraft:time_since_death":0,"minecraft:climb_one_cm":1679,"minecraft:time_since_rest":18,"minecraft:sprint_one_cm":64782,"minecraft:damage_taken":2599,"minecraft:walk_one_cm":130030,"minecraft:drop":1,"minecraft:damage_dealt":1547,"minecraft:swim_one_cm":7280,"minecraft:fly_one_cm":77267,"minecraft:player_kills":2,"minecraft:crouch_one_cm":18942,"minecraft:play_time":60358,"minecraft:deaths":8,"minecraft:sneak_time":5371,"minecraft:walk_under_water_one_cm":1783,"minecraft:boat_one_cm":173019,"minecraft:jump":562,"minecraft:walk_on_water_one_cm":2528,"minecraft:total_world_time":60358,"minecraft:fall_one_cm":32400},"minecraft:picked_up":{"minecraft:birch_log":10,"born_in_chaos_v1:corpse_maggot":3,"minecraft:crafting_table":5,"minecraft:feather":1,"minecraft:chicken":1,"minecraft:clay_ball":4,"minecraft:andesite":27,"minecraft:dark_oak_boat":1,"terramity:fairy_dust":1,"minecraft:wooden_pickaxe":1,"minecraft:packed_mud":2,"minecraft:flint":5,"minecraft:tuff":3,"minecraft:oak_log":11,"minecraft:gunpowder":11,"skilltree:gem":3,"minecraft:dirt":32,"minecraft:raw_copper":4,"minecraft:wheat_seeds":2,"minecraft:cobbled_deepslate":13,"minecraft:iron_ingot":3,"minecraft:spruce_slab":2,"minecraft:furnace":1,"minecraft:raw_iron":14,"minecraft:torch":5,"minecraft:porkchop":1,"minecraft:diorite":25,"minecraft:dark_oak_log":124,"minecraft:barrel":1,"minecraft:rotten_flesh":4,"minecraft:granite":50,"minecraft:polished_blackstone":1,"minecraft:glow_berries":1,"minecraft:mutton":2,"minecraft:coal":52,"minecraft:white_wool":1,"minecraft:cobblestone":728}},"DataVersion":3465}