{"stats":{"minecraft:picked_up":{"minecraft:ladder":1,"minecraft:iron_door":1,"born_in_chaos_v1:mint_ice_cream":1,"minecraft:stone_brick_stairs":1,"minecraft:oak_log":1,"minecraft:gunpowder":7,"born_in_chaos_v1:holiday_candy":1,"skilltree:gem":1,"minecraft:dirt":4,"minecraft:string":2,"minecraft:bone":8,"minecraft:wheat_seeds":1,"minecraft:spruce_planks":2,"born_in_chaos_v1:smoldering_infernal_ember":1,"born_in_chaos_v1:caramel_pepper":1,"minecraft:smooth_quartz":8,"minecraft:acacia_sapling":1,"born_in_chaos_v1:shattered_skull":1,"minecraft:torch":3,"minecraft:acacia_log":12,"epicfight:skillbook":1,"alexsmobs:animal_dictionary":1,"minecraft:light_gray_concrete":3,"alexsmobs:kangaroo_hide":2,"minecraft:arrow":5,"born_in_chaos_v1:sweet_sword":1,"vanillaplustools:stone_hammer":1,"minecraft:coal":25,"minecraft:cobblestone":89},"minecraft:crafted":{"minecraft:oak_planks":1,"vanillaplustools:stone_hammer":1,"minecraft:crafting_table":1,"minecraft:wooden_pickaxe":1,"minecraft:stone_axe":1,"minecraft:air":150,"minecraft:stick":38,"minecraft:stone_pickaxe":10,"minecraft:acacia_planks":15,"minecraft:torch":20},"minecraft:used":{"epicfight:skillbook":4,"minecraft:stone_pickaxe":54,"minecraft:wooden_pickaxe":17,"minecraft:stone":20,"minecraft:iron_sword":15,"vanillaplustools:stone_hammer":10,"minecraft:torch":102,"minecraft:dirt":8,"minecraft:crafting_table":2,"minecraft:apple":3,"born_in_chaos_v1:caramel_pepper":1,"minecraft:stone_axe":28,"minecraft:potion":1,"alexsmobs:animal_dictionary":1,"born_in_chaos_v1:sweet_sword":5},"minecraft:killed_by":{"minecraft:creeper":1,"alexsmobs:rhinoceros":1,"minecraft:zombie":2,"alexsmobs:kangaroo":1},"minecraft:dropped":{"born_in_chaos_v1:shattered_skull":1,"alexsmobs:animal_dictionary":1,"born_in_chaos_v1:smoldering_infernal_ember":1,"vanillaplustools:stone_hammer":1,"born_in_chaos_v1:mint_ice_cream":1,"epicfight:skillbook":1},"minecraft:custom":{"minecraft:interact_with_furnace":2,"minecraft:mob_kills":12,"minecraft:interact_with_crafting_table":4,"minecraft:open_barrel":4,"minecraft:time_since_death":2426,"minecraft:climb_one_cm":8657,"minecraft:time_since_rest":2453,"minecraft:sprint_one_cm":60223,"minecraft:damage_taken":2520,"minecraft:walk_one_cm":130463,"minecraft:drop":6,"minecraft:minecart_one_cm":2162,"minecraft:damage_dealt":2389,"minecraft:fly_one_cm":100453,"minecraft:open_chest":18,"minecraft:crouch_one_cm":9587,"minecraft:play_time":40202,"minecraft:deaths":7,"minecraft:sneak_time":2364,"minecraft:jump":556,"minecraft:interact_with_blast_furnace":2,"minecraft:walk_on_water_one_cm":2418,"minecraft:total_world_time":40202,"minecraft:fall_one_cm":17134},"minecraft:killed":{"born_in_chaos_v1:mr_pumpkin":1,"born_in_chaos_v1:pumpkin_dunce":1,"minecraft:skeleton":7,"minecraft:zombie":1,"terramity:cave_gnome":1,"alexsmobs:kangaroo":1},"minecraft:mined":{"minecraft:acacia_leaves":1,"minecraft:spruce_planks":2,"minecraft:glass_pane":1,"minecraft:acacia_log":12,"minecraft:grass_block":1,"minecraft:tall_grass":4,"minecraft:iron_door":1,"minecraft:wall_torch":4,"minecraft:fire":5,"minecraft:stone_brick_stairs":1,"minecraft:grass":13,"minecraft:oak_log":1,"minecraft:coal_ore":25,"minecraft:light_gray_concrete":3,"minecraft:dirt":3,"minecraft:smooth_quartz":8,"minecraft:stone":89,"minecraft:netherrack":1,"minecraft:oak_leaves":1,"minecraft:tripwire":1}},"DataVersion":3465}