{"stats":{"minecraft:picked_up":{"minecraft:acacia_log":12,"born_in_chaos_v1:mint_ice_cream":1,"minecraft:oak_log":1,"skilltree:gem":1,"alexsmobs:animal_dictionary":1,"minecraft:dirt":4,"alexsmobs:kangaroo_hide":2,"minecraft:arrow":1,"minecraft:wheat_seeds":1,"minecraft:coal":6,"minecraft:acacia_sapling":1,"minecraft:cobblestone":34},"minecraft:used":{"minecraft:stone_pickaxe":26,"minecraft:wooden_pickaxe":14,"minecraft:stone_axe":12,"minecraft:dirt":2,"minecraft:crafting_table":2,"alexsmobs:animal_dictionary":1},"minecraft:crafted":{"minecraft:oak_planks":1,"minecraft:crafting_table":1,"minecraft:stick":32,"minecraft:wooden_pickaxe":1,"minecraft:stone_pickaxe":10,"minecraft:acacia_planks":15,"minecraft:stone_axe":1,"minecraft:air":61},"minecraft:killed_by":{"alexsmobs:rhinoceros":1,"alexsmobs:kangaroo":1},"minecraft:dropped":{"alexsmobs:animal_dictionary":1,"born_in_chaos_v1:mint_ice_cream":1},"minecraft:custom":{"minecraft:time_since_rest":9830,"minecraft:interact_with_furnace":2,"minecraft:sprint_one_cm":20766,"minecraft:damage_taken":820,"minecraft:walk_one_cm":44387,"minecraft:mob_kills":3,"minecraft:drop":2,"minecraft:minecart_one_cm":2162,"minecraft:damage_dealt":444,"minecraft:interact_with_crafting_table":4,"minecraft:fly_one_cm":43565,"minecraft:open_barrel":3,"minecraft:open_chest":2,"minecraft:crouch_one_cm":2189,"minecraft:play_time":16202,"minecraft:deaths":3,"minecraft:sneak_time":753,"minecraft:jump":246,"minecraft:time_since_death":9805,"minecraft:walk_on_water_one_cm":2145,"minecraft:climb_one_cm":51,"minecraft:total_world_time":16202,"minecraft:fall_one_cm":5650},"minecraft:mined":{"minecraft:acacia_leaves":1,"minecraft:grass":13,"minecraft:acacia_log":12,"minecraft:coal_ore":6,"minecraft:grass_block":1,"minecraft:oak_log":1,"minecraft:dirt":3,"minecraft:tall_grass":4,"minecraft:stone":34},"minecraft:killed":{"minecraft:skeleton":1,"born_in_chaos_v1:pumpkin_dunce":1,"alexsmobs:kangaroo":1}},"DataVersion":3465}