{"stats":{"minecraft:mined":{"minecraft:acacia_leaves":1,"minecraft:spruce_planks":2,"minecraft:glass_pane":1,"iceandfire:silver_ore":5,"minecraft:smooth_sandstone":4,"minecraft:oak_fence":1,"minecraft:torch":1,"minecraft:acacia_log":12,"minecraft:grass_block":5,"minecraft:melon":22,"minecraft:jungle_log":8,"minecraft:tall_grass":4,"minecraft:copper_ore":15,"minecraft:cobblestone":3,"minecraft:diorite":1,"minecraft:iron_door":1,"minecraft:wall_torch":7,"minecraft:birch_log":6,"minecraft:iron_ore":35,"minecraft:fire":5,"minecraft:birch_leaves":1,"minecraft:andesite":1,"minecraft:lime_concrete":26,"minecraft:stone_brick_stairs":1,"minecraft:brown_bed":2,"minecraft:grass":29,"minecraft:coal_ore":161,"minecraft:oak_log":26,"minecraft:vine":5,"minecraft:stripped_oak_log":1,"minecraft:light_gray_concrete":3,"minecraft:smooth_quartz":8,"minecraft:dirt":3,"minecraft:stone":625,"minecraft:netherrack":1,"minecraft:oak_leaves":8,"minecraft:spruce_slab":3,"minecraft:tripwire":1,"minecraft:fern":4},"minecraft:killed":{"born_in_chaos_v1:mr_pumpkin":1,"born_in_chaos_v1:pumpkin_dunce":1,"born_in_chaos_v1:skeleton_demoman":1,"born_in_chaos_v1:zombie_bruiser":1,"born_in_chaos_v1:decrepit_skeleton":2,"born_in_chaos_v1:maggot":6,"minecraft:skeleton":8,"born_in_chaos_v1:decaying_zombie":1,"minecraft:zombie":5,"born_in_chaos_v1:skeleton_thrasher":1,"born_in_chaos_v1:mrs_pumpkin":1,"terramity:cave_gnome":1,"alexsmobs:kangaroo":1},"minecraft:picked_up":{"minecraft:stripped_oak_log":2,"minecraft:birch_log":6,"born_in_chaos_v1:corpse_maggot":6,"minecraft:ladder":1,"minecraft:iron_door":1,"minecraft:andesite":3,"minecraft:jungle_log":8,"born_in_chaos_v1:mint_ice_cream":1,"minecraft:brown_bed":2,"minecraft:stone_brick_stairs":1,"minecraft:oak_log":26,"born_in_chaos_v1:holiday_candy":1,"minecraft:string":2,"minecraft:gunpowder":8,"skilltree:gem":5,"minecraft:dirt":8,"minecraft:raw_copper":54,"minecraft:bone":18,"minecraft:smooth_sandstone":4,"minecraft:wheat_seeds":1,"minecraft:spruce_planks":3,"minecraft:iron_ingot":1,"born_in_chaos_v1:smoldering_infernal_ember":1,"born_in_chaos_v1:caramel_pepper":1,"minecraft:smooth_quartz":8,"minecraft:spruce_slab":3,"minecraft:melon_slice":109,"minecraft:acacia_sapling":1,"minecraft:raw_iron":35,"born_in_chaos_v1:shattered_skull":5,"terramity:spring":1,"minecraft:oak_fence":1,"minecraft:torch":7,"minecraft:lime_concrete":26,"minecraft:acacia_log":12,"epicfight:skillbook":2,"born_in_chaos_v1:pieceofdarkmetal":7,"alexsmobs:animal_dictionary":1,"minecraft:light_gray_concrete":3,"alexsmobs:kangaroo_hide":2,"minecraft:arrow":5,"minecraft:rotten_flesh":24,"born_in_chaos_v1:sweet_sword":1,"vanillaplustools:stone_hammer":1,"minecraft:coal":161,"iceandfire:raw_silver":5,"minecraft:cobblestone":579},"minecraft:used":{"epicfight:skillbook":5,"minecraft:stone_pickaxe":54,"minecraft:baked_potato":7,"minecraft:stone":20,"minecraft:chest":4,"minecraft:wooden_pickaxe":53,"vanillaplustools:stone_hammer":112,"minecraft:iron_sword":15,"minecraft:oak_door":6,"minecraft:torch":246,"minecraft:dirt":16,"minecraft:crafting_table":6,"minecraft:jungle_planks":8,"minecraft:apple":3,"minecraft:bread":1,"minecraft:melon_slice":27,"born_in_chaos_v1:caramel_pepper":1,"minecraft:stone_axe":121,"minecraft:cobblestone":284,"minecraft:potion":1,"minecraft:furnace":4,"alexsmobs:animal_dictionary":1,"born_in_chaos_v1:sweet_sword":5,"minecraft:brown_bed":4},"minecraft:custom":{"minecraft:interact_with_furnace":18,"minecraft:mob_kills":30,"minecraft:interact_with_crafting_table":18,"minecraft:open_barrel":23,"minecraft:leave_game":4,"minecraft:time_since_death":92829,"minecraft:sleep_in_bed":1,"minecraft:climb_one_cm":9905,"minecraft:time_since_rest":35170,"minecraft:sprint_one_cm":176023,"minecraft:damage_taken":3368,"minecraft:walk_one_cm":307879,"minecraft:drop":22,"minecraft:minecart_one_cm":2162,"minecraft:damage_dealt":5676,"minecraft:talked_to_villager":4,"minecraft:fly_one_cm":262974,"minecraft:open_chest":28,"minecraft:crouch_one_cm":34054,"minecraft:play_time":130605,"minecraft:deaths":7,"minecraft:sneak_time":8365,"minecraft:jump":1436,"minecraft:interact_with_blast_furnace":2,"minecraft:walk_on_water_one_cm":2418,"minecraft:total_world_time":130605,"minecraft:fall_one_cm":110973},"minecraft:dropped":{"born_in_chaos_v1:shattered_skull":3,"alexsmobs:animal_dictionary":1,"minecraft:cobblestone":8,"minecraft:rotten_flesh":8,"minecraft:stripped_oak_log":1,"minecraft:jungle_planks":1,"born_in_chaos_v1:smoldering_infernal_ember":1,"minecraft:spruce_planks":1,"minecraft:andesite":3,"skilltree:gem":1,"vanillaplustools:stone_hammer":1,"born_in_chaos_v1:mint_ice_cream":1,"minecraft:smooth_sandstone":4,"terramity:spring":1,"minecraft:bone":4,"epicfight:skillbook":2},"minecraft:crafted":{"minecraft:oak_door":4,"minecraft:oak_planks":35,"vanillaplustools:stone_hammer":2,"minecraft:crafting_table":3,"minecraft:wooden_pickaxe":2,"minecraft:baked_potato":15,"minecraft:iron_helmet":1,"minecraft:furnace":2,"minecraft:stone_axe":2,"minecraft:jungle_planks":8,"minecraft:air":247,"minecraft:iron_chestplate":1,"minecraft:stick":48,"minecraft:iron_ingot":20,"minecraft:stone_pickaxe":19,"minecraft:chest":2,"minecraft:iron_leggings":1,"minecraft:acacia_planks":15,"minecraft:torch":88},"minecraft:killed_by":{"alexsmobs:rhinoceros":1,"minecraft:creeper":1,"minecraft:zombie":2,"alexsmobs:kangaroo":1}},"DataVersion":3465}