{"stats":{"minecraft:mined":{"minecraft:acacia_leaves":1,"minecraft:spruce_planks":2,"minecraft:glass_pane":1,"minecraft:oak_fence":1,"minecraft:smooth_sandstone":4,"minecraft:acacia_log":12,"minecraft:grass_block":5,"minecraft:melon":22,"minecraft:jungle_log":8,"minecraft:cobblestone":1,"minecraft:tall_grass":4,"minecraft:iron_door":1,"minecraft:wall_torch":5,"minecraft:fire":5,"minecraft:andesite":1,"minecraft:lime_concrete":26,"minecraft:brown_bed":1,"minecraft:stone_brick_stairs":1,"minecraft:grass":29,"minecraft:oak_log":21,"minecraft:coal_ore":49,"minecraft:vine":5,"minecraft:light_gray_concrete":3,"minecraft:smooth_quartz":8,"minecraft:dirt":3,"minecraft:stone":243,"minecraft:netherrack":1,"minecraft:spruce_slab":3,"minecraft:oak_leaves":7,"minecraft:tripwire":1,"minecraft:fern":4},"minecraft:killed":{"born_in_chaos_v1:mr_pumpkin":1,"born_in_chaos_v1:pumpkin_dunce":1,"minecraft:skeleton":7,"minecraft:zombie":1,"born_in_chaos_v1:skeleton_thrasher":1,"terramity:cave_gnome":1,"alexsmobs:kangaroo":1},"minecraft:picked_up":{"minecraft:andesite":1,"minecraft:ladder":1,"minecraft:iron_door":1,"minecraft:jungle_log":8,"born_in_chaos_v1:mint_ice_cream":1,"minecraft:brown_bed":1,"minecraft:stone_brick_stairs":1,"minecraft:oak_log":21,"minecraft:gunpowder":7,"born_in_chaos_v1:holiday_candy":1,"skilltree:gem":1,"minecraft:dirt":8,"minecraft:string":2,"minecraft:smooth_sandstone":4,"minecraft:bone":12,"minecraft:wheat_seeds":1,"minecraft:spruce_planks":2,"minecraft:iron_ingot":1,"born_in_chaos_v1:smoldering_infernal_ember":1,"minecraft:smooth_quartz":8,"born_in_chaos_v1:caramel_pepper":1,"minecraft:spruce_slab":3,"minecraft:melon_slice":109,"minecraft:acacia_sapling":1,"born_in_chaos_v1:shattered_skull":2,"terramity:spring":1,"minecraft:oak_fence":1,"minecraft:lime_concrete":26,"minecraft:torch":4,"minecraft:acacia_log":12,"epicfight:skillbook":1,"born_in_chaos_v1:pieceofdarkmetal":7,"alexsmobs:animal_dictionary":1,"minecraft:light_gray_concrete":3,"alexsmobs:kangaroo_hide":2,"minecraft:arrow":5,"minecraft:rotten_flesh":4,"born_in_chaos_v1:sweet_sword":1,"vanillaplustools:stone_hammer":1,"minecraft:coal":49,"minecraft:cobblestone":244},"minecraft:used":{"epicfight:skillbook":4,"minecraft:stone_pickaxe":54,"minecraft:wooden_pickaxe":51,"minecraft:stone":20,"minecraft:iron_sword":15,"vanillaplustools:stone_hammer":34,"minecraft:torch":112,"minecraft:dirt":16,"minecraft:crafting_table":4,"minecraft:jungle_planks":8,"minecraft:apple":3,"minecraft:bread":1,"minecraft:melon_slice":24,"born_in_chaos_v1:caramel_pepper":1,"minecraft:stone_axe":67,"minecraft:cobblestone":24,"minecraft:potion":1,"alexsmobs:animal_dictionary":1,"born_in_chaos_v1:sweet_sword":5},"minecraft:custom":{"minecraft:interact_with_furnace":2,"minecraft:mob_kills":13,"minecraft:interact_with_crafting_table":10,"minecraft:open_barrel":23,"minecraft:leave_game":2,"minecraft:time_since_death":55920,"minecraft:climb_one_cm":9905,"minecraft:time_since_rest":55947,"minecraft:sprint_one_cm":109037,"minecraft:walk_one_cm":210018,"minecraft:damage_taken":3000,"minecraft:drop":7,"minecraft:minecart_one_cm":2162,"minecraft:damage_dealt":2973,"minecraft:fly_one_cm":192229,"minecraft:open_chest":23,"minecraft:crouch_one_cm":21350,"minecraft:play_time":93696,"minecraft:deaths":7,"minecraft:sneak_time":5534,"minecraft:jump":1116,"minecraft:interact_with_blast_furnace":2,"minecraft:walk_on_water_one_cm":2418,"minecraft:total_world_time":93696,"minecraft:fall_one_cm":48490},"minecraft:crafted":{"minecraft:oak_planks":1,"vanillaplustools:stone_hammer":2,"minecraft:crafting_table":2,"minecraft:wooden_pickaxe":2,"minecraft:stone_axe":2,"minecraft:air":234,"minecraft:jungle_planks":8,"minecraft:stick":48,"minecraft:stone_pickaxe":19,"minecraft:acacia_planks":15,"minecraft:torch":24},"minecraft:dropped":{"born_in_chaos_v1:shattered_skull":1,"alexsmobs:animal_dictionary":1,"born_in_chaos_v1:smoldering_infernal_ember":1,"vanillaplustools:stone_hammer":1,"born_in_chaos_v1:mint_ice_cream":1,"terramity:spring":1,"epicfight:skillbook":1},"minecraft:killed_by":{"minecraft:creeper":1,"alexsmobs:rhinoceros":1,"minecraft:zombie":2,"alexsmobs:kangaroo":1}},"DataVersion":3465}