{"stats":{"minecraft:mined":{"minecraft:tuff":6,"minecraft:dark_oak_leaves":21,"minecraft:dark_oak_log":117,"minecraft:clay":2,"minecraft:crafting_table":7,"minecraft:torch":4,"minecraft:cave_vines_plant":9,"minecraft:granite":50,"minecraft:grass_block":3,"minecraft:tall_grass":2,"minecraft:copper_ore":1,"minecraft:cobblestone":10,"minecraft:diorite":29,"minecraft:wall_torch":3,"minecraft:deepslate_copper_ore":10,"minecraft:large_fern":2,"minecraft:furnace":3,"minecraft:packed_mud":2,"minecraft:birch_log":10,"minecraft:iron_ore":27,"minecraft:barrel":1,"minecraft:birch_leaves":2,"minecraft:andesite":27,"minecraft:big_dripleaf_stem":1,"minecraft:grass":4,"minecraft:vine":3,"minecraft:coal_ore":52,"minecraft:oak_log":11,"minecraft:cave_vines":3,"minecraft:deepslate_iron_ore":8,"terramity:cardboard_block":1,"minecraft:dirt":10,"minecraft:polished_blackstone":1,"minecraft:stone":716,"minecraft:deepslate":63,"minecraft:oak_leaves":2,"minecraft:spruce_slab":1,"minecraft:fern":1},"minecraft:killed_by":{"born_in_chaos_v1:bonescaller":1,"minecraft:player":2,"minecraft:skeleton":1,"born_in_chaos_v1:corpse_fly":1},"minecraft:dropped":{"minecraft:wheat_seeds":1,"minecraft:diorite":28,"minecraft:andesite":27,"minecraft:arrow":1,"minecraft:wooden_pickaxe":1},"minecraft:crafted":{"vanillaplustools:stone_hammer":3,"terramity:cardboard":1,"minecraft:dark_oak_boat":2,"minecraft:crafting_table":5,"minecraft:dark_oak_wood":3,"minecraft:wooden_pickaxe":2,"minecraft:iron_sword":1,"minecraft:furnace":3,"iceandfire:armor_copper_metal_leggings":1,"minecraft:copper_ingot":37,"terramity:big_iron":1,"minecraft:stone_axe":3,"iceandfire:armor_copper_metal_boots":1,"minecraft:air":463,"iceandfire:armor_copper_metal_helmet":1,"minecraft:iron_chestplate":1,"minecraft:charcoal":18,"terramity:cardboard_block":8,"born_in_chaos_v1:fried_maggot":3,"minecraft:stick":41,"minecraft:iron_ingot":34,"minecraft:stone_pickaxe":30,"minecraft:iron_block":2,"minecraft:dark_oak_planks":58,"minecraft:torch":27},"minecraft:used":{"minecraft:spruce_slab":4,"minecraft:stone_pickaxe":88,"minecraft:wooden_pickaxe":68,"minecraft:iron_sword":28,"vanillaplustools:stone_hammer":114,"born_in_chaos_v1:fried_maggot":3,"minecraft:rotten_flesh":3,"minecraft:torch":222,"minecraft:glow_berries":21,"minecraft:dirt":40,"terramity:cardboard_block":2,"minecraft:mutton":2,"minecraft:crafting_table":18,"minecraft:tuff":12,"minecraft:granite":2,"minecraft:dark_oak_planks":24,"minecraft:packed_mud":2,"minecraft:stone_axe":144,"minecraft:cobblestone":138,"minecraft:dark_oak_boat":2,"minecraft:furnace":8,"alexsmobs:animal_dictionary":1},"minecraft:broken":{"minecraft:wooden_pickaxe":1},"minecraft:killed":{"terramity:pink_fairy":1,"minecraft:pig":1,"born_in_chaos_v1:maggot":2,"minecraft:sheep":1,"minecraft:skeleton":1,"minecraft:zombie":2,"minecraft:chicken":1,"born_in_chaos_v1:corpse_fly":4,"minecraft:silverfish":2,"terramity:blue_fairy":1},"minecraft:custom":{"minecraft:interact_with_furnace":34,"minecraft:mob_kills":17,"minecraft:interact_with_crafting_table":45,"minecraft:open_barrel":1,"minecraft:leave_game":1,"minecraft:time_since_death":27735,"minecraft:climb_one_cm":1911,"minecraft:time_since_rest":27773,"minecraft:sprint_one_cm":102047,"minecraft:damage_taken":2696,"minecraft:walk_one_cm":212121,"minecraft:drop":5,"minecraft:damage_dealt":1727,"minecraft:swim_one_cm":7280,"minecraft:fly_one_cm":109142,"minecraft:player_kills":2,"minecraft:crouch_one_cm":24152,"minecraft:play_time":88113,"minecraft:deaths":8,"minecraft:sneak_time":6709,"minecraft:walk_under_water_one_cm":1783,"minecraft:boat_one_cm":173019,"minecraft:jump":981,"minecraft:walk_on_water_one_cm":3176,"minecraft:total_world_time":88113,"minecraft:fall_one_cm":39003},"minecraft:picked_up":{"minecraft:birch_log":10,"born_in_chaos_v1:corpse_maggot":3,"minecraft:crafting_table":7,"minecraft:feather":1,"minecraft:chicken":1,"minecraft:clay_ball":8,"minecraft:andesite":27,"minecraft:dark_oak_boat":1,"terramity:fairy_dust":1,"minecraft:wooden_pickaxe":1,"minecraft:packed_mud":2,"minecraft:flint":5,"minecraft:tuff":6,"minecraft:oak_log":11,"minecraft:gunpowder":11,"skilltree:gem":3,"minecraft:raw_copper":41,"minecraft:dirt":32,"minecraft:bone":1,"minecraft:wheat_seeds":3,"minecraft:cobbled_deepslate":39,"minecraft:iron_ingot":3,"minecraft:spruce_slab":2,"minecraft:furnace":3,"minecraft:raw_iron":35,"minecraft:big_dripleaf":5,"minecraft:torch":7,"minecraft:porkchop":1,"minecraft:diorite":28,"minecraft:dark_oak_log":124,"minecraft:barrel":1,"minecraft:arrow":1,"minecraft:rotten_flesh":4,"minecraft:granite":50,"minecraft:polished_blackstone":1,"minecraft:glow_berries":10,"minecraft:mutton":2,"minecraft:coal":76,"minecraft:white_wool":1,"minecraft:cobblestone":764}},"DataVersion":3465}