{"stats":{"minecraft:mined":{"minecraft:large_fern":2,"minecraft:dark_oak_leaves":21,"minecraft:birch_log":10,"minecraft:dark_oak_log":46,"minecraft:birch_leaves":2,"minecraft:torch":1,"minecraft:crafting_table":2,"minecraft:grass_block":2,"minecraft:oak_log":11,"terramity:cardboard_block":1,"minecraft:dirt":10,"minecraft:stone":47,"minecraft:oak_leaves":2,"minecraft:wall_torch":1,"minecraft:fern":1},"minecraft:killed_by":{"born_in_chaos_v1:bonescaller":1,"minecraft:player":2},"minecraft:dropped":{"minecraft:wooden_pickaxe":1},"minecraft:used":{"minecraft:stone_pickaxe":55,"minecraft:wooden_pickaxe":9,"minecraft:stone_axe":63,"minecraft:torch":20,"terramity:cardboard_block":2,"minecraft:cobblestone":2,"minecraft:dark_oak_boat":1,"minecraft:crafting_table":6,"minecraft:furnace":2,"alexsmobs:animal_dictionary":1},"minecraft:crafted":{"vanillaplustools:stone_hammer":1,"minecraft:charcoal":5,"terramity:cardboard":1,"minecraft:dark_oak_boat":1,"minecraft:crafting_table":2,"minecraft:stick":8,"terramity:cardboard_block":8,"minecraft:wooden_pickaxe":1,"minecraft:stone_pickaxe":11,"minecraft:furnace":1,"minecraft:dark_oak_planks":27,"minecraft:torch":2,"minecraft:stone_axe":1,"minecraft:air":205},"minecraft:killed":{"terramity:pink_fairy":1,"minecraft:pig":1,"minecraft:chicken":1,"terramity:blue_fairy":1},"minecraft:picked_up":{"minecraft:birch_log":10,"minecraft:crafting_table":2,"minecraft:feather":1,"minecraft:chicken":1,"terramity:fairy_dust":1,"minecraft:dark_oak_boat":1,"minecraft:torch":2,"minecraft:wooden_pickaxe":1,"minecraft:porkchop":1,"minecraft:oak_log":11,"minecraft:dirt":12,"minecraft:dark_oak_log":45,"minecraft:wheat_seeds":2,"minecraft:cobblestone":106},"minecraft:custom":{"minecraft:time_since_rest":1739,"minecraft:interact_with_furnace":5,"minecraft:sprint_one_cm":46514,"minecraft:damage_taken":1956,"minecraft:walk_one_cm":61236,"minecraft:mob_kills":4,"minecraft:drop":1,"minecraft:damage_dealt":430,"minecraft:swim_one_cm":6824,"minecraft:interact_with_crafting_table":11,"minecraft:fly_one_cm":57284,"minecraft:player_kills":2,"minecraft:crouch_one_cm":6037,"minecraft:play_time":24358,"minecraft:deaths":6,"minecraft:sneak_time":1448,"minecraft:walk_under_water_one_cm":857,"minecraft:boat_one_cm":40389,"minecraft:jump":332,"minecraft:time_since_death":1713,"minecraft:walk_on_water_one_cm":1818,"minecraft:total_world_time":24358,"minecraft:fall_one_cm":26653}},"DataVersion":3465}