{"stats":{"minecraft:picked_up":{"iceandfire:dragon_skull_lightning":1,"minecraft:stick":7,"minecraft:crafting_table":3,"iceandfire:dragonbone":12,"minecraft:chest_minecart":1,"minecraft:wooden_pickaxe":1,"minecraft:acacia_log":6,"minecraft:oak_log":5,"alexsmobs:gazelle_horn":2,"minecraft:barrel":3,"minecraft:dirt":2,"minecraft:bone":1,"minecraft:wheat_seeds":1,"minecraft:lever":1,"minecraft:spruce_planks":2,"minecraft:minecart":1,"minecraft:oak_sapling":3,"minecraft:chest":3,"minecraft:mutton":1,"minecraft:coal":5,"minecraft:rail":27,"minecraft:cobblestone":8,"minecraft:furnace":3},"minecraft:used":{"minecraft:stone_pickaxe":33,"minecraft:chest":4,"minecraft:wooden_pickaxe":6,"minecraft:stone_axe":38,"minecraft:crafting_table":2},"minecraft:crafted":{"minecraft:oak_planks":5,"minecraft:crafting_table":1,"minecraft:stick":2,"minecraft:wooden_pickaxe":1,"minecraft:stone_pickaxe":1,"minecraft:acacia_planks":6,"minecraft:stone_axe":1,"minecraft:air":56},"minecraft:killed_by":{"minecraft:skeleton":1},"minecraft:dropped":{"alexsmobs:gazelle_horn":1,"minecraft:wooden_pickaxe":1},"minecraft:custom":{"minecraft:time_since_rest":1785,"minecraft:interact_with_furnace":1,"minecraft:sprint_one_cm":31794,"minecraft:damage_taken":308,"minecraft:walk_one_cm":28917,"minecraft:mob_kills":4,"minecraft:drop":2,"minecraft:damage_dealt":1006,"minecraft:fly_one_cm":57467,"minecraft:interact_with_crafting_table":2,"minecraft:open_barrel":1,"minecraft:open_chest":2,"minecraft:crouch_one_cm":5408,"minecraft:play_time":10337,"minecraft:deaths":1,"minecraft:sneak_time":1198,"minecraft:jump":250,"minecraft:leave_game":1,"minecraft:time_since_death":1759,"minecraft:total_world_time":10337,"minecraft:fall_one_cm":10354},"minecraft:mined":{"minecraft:acacia_leaves":4,"minecraft:spruce_planks":2,"minecraft:furnace":3,"minecraft:barrel":3,"minecraft:crafting_table":3,"minecraft:lever":1,"minecraft:grass":3,"minecraft:acacia_log":6,"minecraft:grass_block":2,"minecraft:oak_log":5,"minecraft:rail":27,"minecraft:chest":3,"minecraft:cobblestone":2,"minecraft:stone":6,"minecraft:oak_leaves":36},"minecraft:killed":{"minecraft:skeleton":1,"boh:chucky":1,"alexsmobs:gazelle":1,"realmrpg_quests:monster_hunter":1}},"DataVersion":3465}