{"stats":{"minecraft:mined":{"minecraft:brown_mushroom":2,"iceandfire:silver_ore":1,"minecraft:dark_oak_leaves":7,"minecraft:dark_oak_log":36,"minecraft:stripped_dark_oak_log":1,"minecraft:crafting_table":3,"minecraft:sugar_cane":5,"minecraft:chain":1,"minecraft:grass":2,"minecraft:mossy_stone_brick_stairs":1,"minecraft:coal_ore":27,"minecraft:oak_log":5,"minecraft:mycelium":2,"minecraft:stone":9,"minecraft:mossy_stone_bricks":1,"minecraft:oak_leaves":1},"minecraft:killed_by":{"minecraft:player":1,"boh:celebi":1},"minecraft:dropped":{"minecraft:brown_mushroom":1,"minecraft:twisting_vines":5,"minecraft:warped_roots":2,"minecraft:mossy_stone_brick_stairs":1,"minecraft:wooden_axe":1,"minecraft:wooden_pickaxe":1},"minecraft:crafted":{"minecraft:oak_planks":5,"minecraft:crafting_table":2,"minecraft:dark_oak_boat":2,"minecraft:wooden_pickaxe":1,"minecraft:stone_axe":1,"minecraft:air":276,"minecraft:stick":3,"minecraft:stone_pickaxe":1,"minecraft:wooden_axe":1,"minecraft:dark_oak_planks":59},"minecraft:used":{"minecraft:golden_boots":1,"minecraft:stone_pickaxe":33,"minecraft:oak_planks":2,"minecraft:wooden_pickaxe":7,"minecraft:crafting_table":6,"minecraft:golden_shovel":2,"minecraft:golden_chestplate":1,"minecraft:dark_oak_planks":24,"minecraft:wooden_axe":3,"minecraft:chicken":1,"minecraft:stone_axe":40,"minecraft:beef":3,"minecraft:dark_oak_boat":3,"minecraft:golden_pickaxe":5,"minecraft:dark_oak_sapling":2},"minecraft:killed":{"minecraft:spider":1,"minecraft:mooshroom":1,"minecraft:chicken":1,"alexsmobs:mungus":1,"terramity:blue_fairy":1},"minecraft:custom":{"minecraft:interact_with_furnace":1,"minecraft:mob_kills":5,"minecraft:interact_with_crafting_table":5,"minecraft:leave_game":3,"minecraft:time_since_death":7281,"minecraft:time_since_rest":7319,"minecraft:sprint_one_cm":58886,"minecraft:damage_taken":893,"minecraft:walk_one_cm":33088,"minecraft:drop":7,"minecraft:damage_dealt":609,"minecraft:swim_one_cm":21915,"minecraft:fly_one_cm":152992,"minecraft:player_kills":1,"minecraft:open_chest":2,"minecraft:crouch_one_cm":3765,"minecraft:play_time":40714,"minecraft:deaths":3,"minecraft:sneak_time":1785,"minecraft:walk_under_water_one_cm":7453,"minecraft:boat_one_cm":68327,"minecraft:jump":624,"minecraft:walk_on_water_one_cm":3187,"minecraft:total_world_time":40714,"minecraft:fall_one_cm":23674},"minecraft:picked_up":{"minecraft:crafting_table":3,"minecraft:feather":2,"minecraft:chicken":1,"minecraft:dark_oak_boat":1,"minecraft:leather":2,"minecraft:brown_mushroom":2,"minecraft:oak_log":5,"minecraft:chain":1,"skilltree:gem":7,"minecraft:dirt":2,"minecraft:twisting_vines":5,"minecraft:beef":3,"minecraft:mossy_stone_bricks":1,"minecraft:sugar_cane":14,"minecraft:mossy_stone_brick_stairs":1,"minecraft:dark_oak_sapling":1,"minecraft:dark_oak_log":58,"minecraft:warped_roots":2,"minecraft:stripped_dark_oak_log":1,"minecraft:coal":27,"minecraft:cobblestone":9}},"DataVersion":3465}