{"stats":{"minecraft:picked_up":{"iceandfire:dragon_skull_lightning":1,"minecraft:crafting_table":7,"minecraft:chest_minecart":1,"minecraft:wooden_pickaxe":1,"born_in_chaos_v1:holiday_candy":1,"alexsmobs:gazelle_horn":2,"minecraft:string":22,"minecraft:iron_axe":1,"minecraft:smooth_stone_slab":3,"minecraft:spruce_planks":2,"minecraft:beef":10,"born_in_chaos_v1:smoldering_infernal_ember":5,"born_in_chaos_v1:gnawed_bones":2,"minecraft:minecart":1,"minecraft:coal_block":2,"minecraft:chest":3,"minecraft:furnace":6,"minecraft:stick":7,"minecraft:raw_iron":23,"iceandfire:dragonbone":12,"minecraft:torch":1,"minecraft:acacia_log":6,"minecraft:porkchop":5,"born_in_chaos_v1:coffee_candy":1,"minecraft:stone_button":2,"minecraft:dark_oak_planks":1,"minecraft:arrow":4,"minecraft:rotten_flesh":10,"minecraft:mutton":1,"born_in_chaos_v1:gummy_vampire_teeth":1,"minecraft:rail":29,"alexsmobs:lobster_tail":5,"minecraft:cobblestone":54,"born_in_chaos_v1:corpse_maggot":2,"born_in_chaos_v1:monster_flesh":3,"minecraft:water_bucket":1,"minecraft:andesite":2,"minecraft:leather":6,"minecraft:oak_log":5,"terramity:topaz":10,"iceandfire:ectoplasm":1,"minecraft:gray_concrete":10,"skilltree:gem":15,"minecraft:dirt":2,"born_in_chaos_v1:monster_skin":3,"minecraft:bone":7,"minecraft:acacia_planks":5,"minecraft:wheat_seeds":1,"born_in_chaos_v1:mint_candy":3,"minecraft:spider_eye":3,"minecraft:barrel":3,"minecraft:gray_banner":1,"minecraft:lever":1,"minecraft:granite":1,"minecraft:oak_sapling":3,"minecraft:coal":188,"iceandfire:raw_silver":25},"minecraft:used":{"minecraft:chest":4,"minecraft:shield":5,"travelersbackpack:bat":6,"minecraft:torch":42,"minecraft:granite":2,"born_in_chaos_v1:corpse_maggot":2,"alexsmobs:lobster_tail":5,"born_in_chaos_v1:coffee_candy":1,"minecraft:iron_axe":23,"born_in_chaos_v1:mint_candy":3,"born_in_chaos_v1:gummy_vampire_teeth":1,"minecraft:furnace":6,"minecraft:gray_banner":2,"minecraft:cooked_beef":8,"minecraft:acacia_planks":10,"minecraft:cooked_mutton":1,"minecraft:water_bucket":3,"minecraft:stone_pickaxe":66,"minecraft:wooden_pickaxe":6,"minecraft:crafting_table":10,"minecraft:gray_concrete":2,"terramity:topaz_sword":89,"iceandfire:silver_pickaxe":221,"born_in_chaos_v1:monster_flesh":3,"minecraft:bread":2,"minecraft:stone_axe":76,"minecraft:cobblestone":96,"minecraft:bucket":3,"epicfight:uchigatana":35,"terramity:topaz_axe":10},"minecraft:crafted":{"minecraft:oak_planks":5,"minecraft:cooked_mutton":1,"iceandfire:armor_silver_metal_chestplate":1,"terramity:topaz_axe":1,"iceandfire:armor_silver_metal_leggings":1,"minecraft:stone_pickaxe":1,"minecraft:cooked_beef":16,"minecraft:cooked_porkchop":2,"iceandfire:silver_ingot":21,"minecraft:crafting_table":1,"minecraft:wooden_pickaxe":1,"terramity:topaz_sword":1,"minecraft:stone_axe":1,"minecraft:air":89,"minecraft:shield":1,"minecraft:stick":6,"minecraft:iron_ingot":23,"minecraft:acacia_planks":6,"minecraft:torch":7,"iceandfire:silver_pickaxe":1},"minecraft:killed_by":{"born_in_chaos_v1:zombie_bruiser":1,"born_in_chaos_v1:corpse_fly":1,"minecraft:skeleton":2},"minecraft:dropped":{"minecraft:wheat_seeds":1,"minecraft:coal":1,"minecraft:dirt":2,"minecraft:gray_concrete":9,"born_in_chaos_v1:gnawed_bones":2,"born_in_chaos_v1:monster_skin":3,"skilltree:gem":14,"minecraft:dark_oak_planks":1,"minecraft:bone":8,"minecraft:stone_axe":1,"minecraft:lever":1,"alexsmobs:gazelle_horn":2,"minecraft:rotten_flesh":9,"minecraft:leather_chestplate":1,"minecraft:spruce_planks":2,"minecraft:oak_sapling":3,"minecraft:stone_pickaxe":1,"minecraft:wooden_pickaxe":2},"minecraft:custom":{"minecraft:mob_kills":47,"minecraft:interact_with_crafting_table":13,"minecraft:open_barrel":29,"minecraft:damage_dealt_resisted":177,"minecraft:leave_game":10,"minecraft:time_since_death":9175,"minecraft:climb_one_cm":225,"minecraft:sprint_one_cm":131243,"minecraft:walk_one_cm":125211,"minecraft:damage_blocked_by_shield":120,"minecraft:drop":31,"minecraft:play_time":62976,"minecraft:deaths":4,"minecraft:sneak_time":8185,"minecraft:walk_under_water_one_cm":12539,"minecraft:jump":1297,"minecraft:walk_on_water_one_cm":14653,"minecraft:total_world_time":62976,"minecraft:interact_with_furnace":24,"minecraft:sleep_in_bed":1,"minecraft:time_since_rest":9770,"minecraft:damage_taken":2193,"minecraft:damage_dealt":10845,"minecraft:fly_one_cm":245787,"minecraft:swim_one_cm":30967,"minecraft:player_kills":2,"minecraft:open_chest":11,"minecraft:crouch_one_cm":29299,"minecraft:interact_with_smoker":9,"minecraft:fall_one_cm":37401},"minecraft:killed":{"alexsmobs:lobster":8,"minecraft:cave_spider":5,"boh:nemesis":2,"born_in_chaos_v1:zombie_bruiser":1,"minecraft:skeleton":5,"born_in_chaos_v1:dire_hound_leader":1,"terramity:cave_gnome":1,"minecraft:husk":1,"minecraft:pig":3,"born_in_chaos_v1:pumpkin_dunce":2,"born_in_chaos_v1:baby_skeleton":1,"realmrpg_quests:monster_hunter":1,"boh:chucky":1,"born_in_chaos_v1:dread_hound":6,"iceandfire:ghost":1,"born_in_chaos_v1:corpse_fly":2,"alexsmobs:gazelle":1,"born_in_chaos_v1:pumpkin_bruiser":1,"minecraft:cow":4},"minecraft:mined":{"minecraft:dark_oak_planks":1,"minecraft:spruce_planks":2,"iceandfire:silver_ore":25,"minecraft:jungle_leaves":12,"terramity:topaz_ore":10,"minecraft:lever":1,"minecraft:granite":1,"minecraft:acacia_log":6,"minecraft:grass_block":3,"minecraft:coal_block":2,"minecraft:furnace":6,"minecraft:barrel":3,"minecraft:iron_ore":23,"minecraft:andesite":2,"minecraft:rail":28,"minecraft:stone":48,"minecraft:acacia_leaves":11,"minecraft:gray_concrete":10,"minecraft:crafting_table":7,"minecraft:chest":3,"minecraft:tall_grass":1,"minecraft:cobblestone":8,"minecraft:wall_torch":1,"minecraft:smooth_stone_slab":3,"minecraft:grass":8,"minecraft:oak_log":5,"minecraft:coal_ore":124,"minecraft:cobweb":19,"minecraft:acacia_planks":5,"minecraft:oak_leaves":36}},"DataVersion":3465}