{"stats":{"minecraft:mined":{"minecraft:dark_oak_planks":1,"minecraft:spruce_planks":2,"iceandfire:silver_ore":25,"alexsmobs:leafcutter_anthill":1,"minecraft:jungle_leaves":12,"terramity:topaz_ore":10,"minecraft:lever":1,"minecraft:granite":1,"minecraft:acacia_log":6,"minecraft:grass_block":3,"alexsmobs:leafcutter_ant_chamber":2,"minecraft:coal_block":2,"minecraft:furnace":6,"minecraft:barrel":3,"minecraft:iron_ore":35,"minecraft:andesite":2,"minecraft:pumpkin":3,"minecraft:rail":28,"minecraft:stone":89,"minecraft:acacia_leaves":11,"minecraft:gray_concrete":10,"minecraft:crafting_table":7,"minecraft:chest":3,"minecraft:tall_grass":1,"minecraft:cobblestone":8,"minecraft:wall_torch":1,"minecraft:smooth_stone_slab":3,"minecraft:grass":10,"minecraft:oak_log":5,"minecraft:coal_ore":124,"minecraft:dirt":3,"minecraft:cobweb":19,"minecraft:acacia_planks":5,"minecraft:oak_leaves":36},"minecraft:killed":{"alexsmobs:lobster":8,"minecraft:cave_spider":5,"boh:nemesis":2,"born_in_chaos_v1:zombie_bruiser":1,"minecraft:skeleton":9,"born_in_chaos_v1:dire_hound_leader":1,"terramity:cave_gnome":1,"minecraft:husk":1,"minecraft:pig":3,"born_in_chaos_v1:pumpkin_dunce":2,"born_in_chaos_v1:baby_skeleton":1,"realmrpg_quests:monster_hunter":1,"minecraft:creeper":1,"boh:chucky":1,"minecraft:zombie":2,"iceandfire:ghost":1,"born_in_chaos_v1:dread_hound":6,"born_in_chaos_v1:corpse_fly":2,"alexsmobs:gazelle":1,"born_in_chaos_v1:pumpkin_bruiser":1,"minecraft:cow":4},"minecraft:picked_up":{"iceandfire:dragon_skull_lightning":1,"minecraft:crafting_table":7,"minecraft:chest_minecart":1,"minecraft:wooden_pickaxe":1,"born_in_chaos_v1:holiday_candy":2,"alexsmobs:gazelle_horn":2,"minecraft:string":22,"minecraft:iron_axe":1,"minecraft:smooth_stone_slab":3,"minecraft:spruce_planks":2,"minecraft:beef":10,"born_in_chaos_v1:smoldering_infernal_ember":5,"born_in_chaos_v1:gnawed_bones":2,"minecraft:minecart":1,"minecraft:coal_block":2,"minecraft:chest":3,"alexsmobs:leafcutter_ant_chamber":4,"minecraft:furnace":6,"minecraft:stick":7,"minecraft:raw_iron":32,"iceandfire:dragonbone":12,"minecraft:torch":1,"minecraft:acacia_log":6,"born_in_chaos_v1:coffee_candy":1,"minecraft:porkchop":5,"minecraft:stone_button":2,"minecraft:dark_oak_planks":1,"minecraft:arrow":9,"minecraft:rotten_flesh":10,"minecraft:mutton":1,"minecraft:rail":29,"born_in_chaos_v1:gummy_vampire_teeth":1,"alexsmobs:lobster_tail":5,"minecraft:cobblestone":80,"born_in_chaos_v1:corpse_maggot":3,"born_in_chaos_v1:monster_flesh":3,"minecraft:water_bucket":1,"minecraft:andesite":2,"minecraft:leather":6,"minecraft:oak_log":5,"terramity:topaz":10,"iceandfire:ectoplasm":1,"minecraft:gray_concrete":10,"skilltree:gem":16,"minecraft:dirt":2,"born_in_chaos_v1:monster_skin":3,"minecraft:bone":8,"minecraft:acacia_planks":5,"minecraft:bow":1,"minecraft:wheat_seeds":1,"born_in_chaos_v1:mint_candy":4,"minecraft:pumpkin":3,"minecraft:spider_eye":3,"minecraft:barrel":3,"minecraft:gray_banner":1,"minecraft:lever":1,"minecraft:granite":1,"born_in_chaos_v1:rotten_fish":1,"minecraft:oak_sapling":3,"minecraft:coal":188,"iceandfire:raw_silver":25},"minecraft:used":{"minecraft:chest":4,"minecraft:shield":5,"travelersbackpack:bat":6,"minecraft:torch":42,"minecraft:granite":2,"born_in_chaos_v1:corpse_maggot":2,"alexsmobs:lobster_tail":5,"born_in_chaos_v1:coffee_candy":1,"minecraft:iron_axe":23,"born_in_chaos_v1:mint_candy":3,"born_in_chaos_v1:gummy_vampire_teeth":1,"minecraft:furnace":6,"minecraft:gray_banner":2,"minecraft:cooked_beef":10,"minecraft:acacia_planks":10,"minecraft:cooked_mutton":1,"minecraft:water_bucket":6,"minecraft:stone_pickaxe":66,"minecraft:wooden_pickaxe":6,"minecraft:crafting_table":10,"minecraft:gray_concrete":2,"terramity:topaz_sword":89,"iceandfire:silver_pickaxe":278,"born_in_chaos_v1:monster_flesh":3,"minecraft:bread":2,"minecraft:stone_axe":76,"minecraft:cobblestone":96,"minecraft:bucket":6,"epicfight:uchigatana":70,"terramity:topaz_axe":18},"minecraft:custom":{"minecraft:mob_kills":54,"minecraft:interact_with_crafting_table":13,"minecraft:open_barrel":29,"minecraft:damage_dealt_resisted":177,"minecraft:leave_game":12,"minecraft:time_since_death":10061,"minecraft:climb_one_cm":225,"minecraft:sprint_one_cm":159368,"minecraft:walk_one_cm":150312,"minecraft:damage_blocked_by_shield":120,"minecraft:drop":36,"minecraft:play_time":75110,"minecraft:deaths":5,"minecraft:sneak_time":8905,"minecraft:walk_under_water_one_cm":14895,"minecraft:jump":1475,"minecraft:walk_on_water_one_cm":16336,"minecraft:total_world_time":75110,"minecraft:interact_with_furnace":24,"minecraft:sleep_in_bed":1,"minecraft:time_since_rest":10099,"minecraft:damage_taken":2600,"minecraft:damage_dealt":13050,"minecraft:fly_one_cm":283528,"minecraft:swim_one_cm":34723,"minecraft:player_kills":4,"minecraft:open_chest":13,"minecraft:crouch_one_cm":30894,"minecraft:interact_with_smoker":13,"minecraft:fall_one_cm":43120},"minecraft:dropped":{"minecraft:wheat_seeds":1,"terramity:topaz_sword":1,"minecraft:coal":1,"minecraft:dirt":2,"minecraft:gray_concrete":9,"born_in_chaos_v1:gnawed_bones":2,"born_in_chaos_v1:monster_skin":3,"iceandfire:armor_silver_metal_leggings":1,"skilltree:gem":14,"minecraft:iron_pickaxe":1,"minecraft:dark_oak_planks":1,"minecraft:bone":8,"minecraft:stone_axe":1,"minecraft:lever":1,"alexsmobs:gazelle_horn":2,"epicfight:uchigatana":1,"minecraft:rotten_flesh":9,"minecraft:iron_boots":1,"minecraft:leather_chestplate":1,"minecraft:spruce_planks":2,"minecraft:oak_sapling":3,"minecraft:stone_pickaxe":1,"minecraft:wooden_pickaxe":2},"minecraft:crafted":{"minecraft:oak_planks":5,"minecraft:cooked_mutton":1,"iceandfire:armor_silver_metal_chestplate":1,"terramity:topaz_axe":1,"iceandfire:armor_silver_metal_leggings":1,"minecraft:stone_pickaxe":1,"minecraft:cooked_beef":16,"minecraft:cooked_porkchop":2,"iceandfire:silver_ingot":21,"minecraft:crafting_table":1,"minecraft:wooden_pickaxe":1,"terramity:topaz_sword":1,"minecraft:stone_axe":1,"minecraft:air":89,"minecraft:shield":1,"minecraft:stick":6,"minecraft:iron_ingot":23,"minecraft:acacia_planks":6,"minecraft:torch":7,"iceandfire:silver_pickaxe":1},"minecraft:killed_by":{"born_in_chaos_v1:zombie_bruiser":1,"born_in_chaos_v1:corpse_fly":1,"minecraft:skeleton":2,"minecraft:zombie":1}},"DataVersion":3465}