{"stats":{"minecraft:mined":{"minecraft:dark_oak_planks":2,"iceandfire:silver_ore":23,"minecraft:dark_oak_leaves":21,"minecraft:dark_oak_log":51,"minecraft:grass_block":2,"minecraft:furnace":7,"minecraft:iron_ore":10,"minecraft:andesite":6,"minecraft:mossy_stone_brick_stairs":1,"minecraft:cave_vines":1,"minecraft:iron_bars":2,"minecraft:stone":51,"minecraft:player_head":3,"minecraft:brown_mushroom":2,"minecraft:stripped_dark_oak_log":1,"minecraft:crafting_table":7,"iceandfire:ghost_chest":2,"minecraft:chest":2,"minecraft:mushroom_stem":1,"minecraft:tall_grass":1,"minecraft:cobblestone":2,"minecraft:dried_kelp_block":1,"minecraft:sugar_cane":9,"minecraft:diorite":12,"minecraft:sniffer_egg":1,"minecraft:skeleton_skull":1,"terramity:igneostone":3,"minecraft:chain":1,"boh:spinel_ore_ore":16,"minecraft:black_bed":1,"minecraft:wither_rose":1,"minecraft:grass":2,"minecraft:oak_log":8,"minecraft:coal_ore":78,"minecraft:mycelium":2,"minecraft:gravel":11,"minecraft:dirt":4,"minecraft:stone_bricks":2,"minecraft:mossy_stone_bricks":1,"minecraft:oak_leaves":1},"minecraft:killed_by":{"alexsmobs:skelewag":1,"minecraft:player":1,"boh:celebi":1,"born_in_chaos_v1:pumpkin_dunce":1,"iceandfire:sea_serpent":2,"minecraft:skeleton":1,"born_in_chaos_v1:corpse_fish":1},"minecraft:dropped":{"minecraft:golden_boots":2,"minecraft:iron_ingot":3,"born_in_chaos_v1:mint_candy":1,"minecraft:brown_mushroom":4,"minecraft:cooked_beef":33,"iceandfire:silver_axe":1,"boh:spinel":16,"minecraft:dark_oak_sapling":1,"minecraft:feather":4,"minecraft:cobblestone":286,"minecraft:warped_roots":2,"minecraft:granite":49,"minecraft:mossy_stone_brick_stairs":1,"iceandfire:ectoplasm":4,"minecraft:copper_ingot":20,"minecraft:stick":6,"minecraft:dirt":2,"minecraft:cobweb":3,"minecraft:wooden_axe":1,"alexsmobs:flying_fish":1,"skilltree:gem":20,"minecraft:fire_charge":1,"minecraft:chain":2,"minecraft:gold_nugget":21,"minecraft:wither_rose":1,"minecraft:dark_oak_planks":70,"terramity:fairy_dust":4,"minecraft:bone":19,"minecraft:gravel":23,"minecraft:dark_oak_door":1,"minecraft:stone_axe":1,"minecraft:player_head":2,"minecraft:iron_nugget":7,"minecraft:cobbled_deepslate":39,"minecraft:raw_copper":4,"minecraft:twisting_vines":5,"terramity:big_iron":1,"minecraft:raw_iron":1,"minecraft:rotten_flesh":2,"minecraft:clay_ball":16,"minecraft:oak_planks":3,"minecraft:stone_slab":1,"terramity:copper_round":4,"iceandfire:armor_copper_metal_helmet":1,"born_in_chaos_v1:smoldering_infernal_ember":2,"minecraft:big_dripleaf":5,"aether:iron_gloves":2,"minecraft:skeleton_skull":1,"minecraft:andesite":7,"minecraft:mossy_stone_bricks":1,"minecraft:golden_leggings":1,"minecraft:stone_bricks":2,"minecraft:iron_bars":1,"minecraft:stone_pickaxe":1,"minecraft:wooden_pickaxe":1,"iceandfire:manuscript":26},"minecraft:crafted":{"minecraft:oak_planks":8,"minecraft:dark_oak_boat":7,"minecraft:furnace":2,"iceandfire:armor_silver_metal_chestplate":1,"minecraft:stone_pickaxe":1,"minecraft:dark_oak_planks":74,"iceandfire:silver_axe":1,"minecraft:cooked_beef":113,"iceandfire:silver_ingot":21,"minecraft:crafting_table":4,"minecraft:wooden_pickaxe":1,"minecraft:bucket":2,"minecraft:stone_axe":1,"minecraft:air":406,"iceandfire:armor_silver_metal_helmet":1,"minecraft:shield":1,"minecraft:stick":6,"minecraft:iron_ingot":11,"minecraft:wooden_axe":1,"minecraft:iron_leggings":1,"minecraft:torch":8,"iceandfire:silver_pickaxe":1},"minecraft:used":{"born_in_chaos_v1:spiritual_guide_sombrero_helmet":1,"minecraft:iron_shovel":7,"minecraft:torch":2,"minecraft:golden_shovel":13,"minecraft:golden_chestplate":1,"minecraft:wooden_axe":3,"minecraft:dark_oak_planks":170,"minecraft:lava_bucket":1,"minecraft:beef":3,"minecraft:dark_oak_boat":11,"minecraft:furnace":10,"iceandfire:armor_copper_metal_helmet":1,"minecraft:cooked_beef":16,"minecraft:dark_oak_sapling":2,"minecraft:golden_boots":1,"minecraft:stone_pickaxe":77,"minecraft:oak_planks":16,"minecraft:wooden_pickaxe":7,"minecraft:sniffer_egg":2,"minecraft:crafting_table":18,"iceandfire:silver_axe":137,"iceandfire:silver_pickaxe":134,"minecraft:chicken":1,"minecraft:stone_axe":56,"minecraft:cobblestone":8,"terramity:igneostone":2,"minecraft:bucket":2,"minecraft:golden_pickaxe":5,"minecraft:cobweb":18},"minecraft:custom":{"minecraft:mob_kills":100,"minecraft:interact_with_crafting_table":26,"minecraft:leave_game":6,"minecraft:time_since_death":574,"minecraft:climb_one_cm":466,"minecraft:sprint_one_cm":258569,"minecraft:walk_one_cm":154893,"minecraft:drop":104,"minecraft:talked_to_villager":3,"minecraft:deaths":9,"minecraft:play_time":151914,"minecraft:sneak_time":7274,"minecraft:walk_under_water_one_cm":19373,"minecraft:boat_one_cm":1102723,"minecraft:jump":2236,"minecraft:walk_on_water_one_cm":37470,"minecraft:total_world_time":151914,"minecraft:interact_with_furnace":81,"minecraft:time_since_rest":598,"minecraft:damage_taken":3456,"minecraft:damage_dealt":11492,"minecraft:swim_one_cm":80435,"minecraft:fly_one_cm":504736,"minecraft:player_kills":1,"minecraft:open_chest":22,"minecraft:crouch_one_cm":21109,"minecraft:fall_one_cm":69832},"minecraft:killed":{"boh:vampire":2,"minecraft:spider":1,"minecraft:chicken":1,"boh:celebi":2,"terramity:blue_fairy":2,"born_in_chaos_v1:pumpkin_dunce":1,"minecraft:mooshroom":88,"alexsmobs:mungus":2},"minecraft:picked_up":{"minecraft:crafting_table":7,"minecraft:chicken":1,"minecraft:clay_ball":16,"minecraft:brown_mushroom":4,"minecraft:stone_slab":1,"terramity:fairy_dust":4,"aether:iron_gloves":2,"boh:spinel":16,"minecraft:wither_rose":1,"minecraft:chain":2,"terramity:copper_round":4,"iceandfire:manuscript":26,"minecraft:beef":186,"born_in_chaos_v1:smoldering_infernal_ember":2,"minecraft:player_head":3,"minecraft:iron_nugget":15,"minecraft:sugar_cane":20,"minecraft:iron_boots":1,"minecraft:furnace":5,"minecraft:dark_oak_sapling":2,"minecraft:stick":2,"minecraft:raw_iron":10,"iceandfire:ghost_chest":2,"minecraft:big_dripleaf":5,"minecraft:torch":1,"boh:vampire_blood":3,"minecraft:dark_oak_planks":30,"minecraft:sniffer_egg":1,"iceandfire:silver_ingot":4,"minecraft:rotten_flesh":2,"alexsmobs:flying_fish":1,"minecraft:iron_bars":1,"minecraft:skeleton_skull":2,"iceandfire:silver_axe":1,"minecraft:cobblestone":58,"minecraft:feather":4,"minecraft:andesite":7,"minecraft:black_bed":1,"minecraft:leather":84,"minecraft:dark_oak_boat":4,"minecraft:oak_log":8,"iceandfire:ectoplasm":4,"minecraft:golden_boots":1,"iceandfire:armor_copper_metal_helmet":1,"skilltree:gem":19,"minecraft:dirt":3,"minecraft:twisting_vines":5,"terramity:igneostone":3,"minecraft:bone":18,"minecraft:stone_bricks":2,"minecraft:cobweb":12,"minecraft:mossy_stone_bricks":1,"born_in_chaos_v1:mint_candy":1,"minecraft:oak_planks":1,"minecraft:mossy_stone_brick_stairs":1,"minecraft:gravel":23,"minecraft:dark_oak_log":73,"minecraft:warped_roots":2,"born_in_chaos_v1:spiritual_guide_sombrero_helmet":1,"minecraft:stripped_dark_oak_log":1,"minecraft:coal":141,"iceandfire:raw_silver":21}},"DataVersion":3465}