{"stats":{"minecraft:mined":{"minecraft:dark_oak_leaves":2,"minecraft:dark_oak_log":1,"minecraft:crafting_table":1,"minecraft:grass":1,"minecraft:oak_log":5,"minecraft:stone":6,"minecraft:sugar_cane":1,"minecraft:oak_leaves":1},"minecraft:killed_by":{"minecraft:player":1},"minecraft:dropped":{"minecraft:wooden_axe":1,"minecraft:wooden_pickaxe":1},"minecraft:crafted":{"minecraft:oak_planks":5,"minecraft:crafting_table":1,"minecraft:stick":3,"minecraft:wooden_pickaxe":1,"minecraft:wooden_axe":1,"minecraft:dark_oak_planks":24,"minecraft:air":131},"minecraft:used":{"minecraft:wooden_axe":3,"minecraft:dark_oak_planks":24,"minecraft:chicken":1,"minecraft:oak_planks":2,"minecraft:wooden_pickaxe":7,"minecraft:crafting_table":2,"minecraft:dark_oak_sapling":2},"minecraft:killed":{"minecraft:chicken":1},"minecraft:picked_up":{"minecraft:dark_oak_sapling":1,"minecraft:crafting_table":1,"minecraft:feather":2,"minecraft:chicken":1,"minecraft:oak_log":5,"minecraft:dark_oak_log":24,"minecraft:sugar_cane":3,"minecraft:cobblestone":6},"minecraft:custom":{"minecraft:time_since_rest":2172,"minecraft:sprint_one_cm":26754,"minecraft:interact_with_furnace":1,"minecraft:damage_taken":690,"minecraft:walk_one_cm":14616,"minecraft:mob_kills":1,"minecraft:drop":2,"minecraft:damage_dealt":144,"minecraft:interact_with_crafting_table":3,"minecraft:swim_one_cm":8273,"minecraft:fly_one_cm":36295,"minecraft:player_kills":1,"minecraft:crouch_one_cm":1258,"minecraft:play_time":19231,"minecraft:deaths":2,"minecraft:sneak_time":491,"minecraft:walk_under_water_one_cm":122,"minecraft:jump":202,"minecraft:leave_game":2,"minecraft:time_since_death":2141,"minecraft:walk_on_water_one_cm":747,"minecraft:total_world_time":19231,"minecraft:fall_one_cm":10598}},"DataVersion":3465}