{"stats":{"minecraft:picked_up":{"iceandfire:dragon_skull_lightning":1,"born_in_chaos_v1:corpse_maggot":2,"minecraft:crafting_table":7,"born_in_chaos_v1:monster_flesh":3,"minecraft:andesite":2,"minecraft:chest_minecart":1,"minecraft:leather":6,"minecraft:wooden_pickaxe":1,"minecraft:oak_log":5,"terramity:topaz":10,"iceandfire:ectoplasm":1,"born_in_chaos_v1:holiday_candy":1,"skilltree:gem":15,"minecraft:gray_concrete":10,"alexsmobs:gazelle_horn":2,"minecraft:dirt":2,"minecraft:string":22,"minecraft:iron_axe":1,"minecraft:smooth_stone_slab":3,"born_in_chaos_v1:monster_skin":3,"minecraft:bone":3,"minecraft:acacia_planks":5,"minecraft:wheat_seeds":1,"minecraft:spruce_planks":2,"minecraft:beef":10,"born_in_chaos_v1:gnawed_bones":2,"minecraft:minecart":1,"minecraft:coal_block":2,"minecraft:chest":3,"minecraft:furnace":6,"minecraft:raw_iron":23,"minecraft:stick":7,"iceandfire:dragonbone":12,"minecraft:torch":1,"minecraft:acacia_log":6,"minecraft:stone_button":2,"minecraft:barrel":3,"minecraft:spider_eye":3,"minecraft:arrow":4,"minecraft:rotten_flesh":4,"minecraft:gray_banner":1,"minecraft:lever":1,"minecraft:granite":1,"minecraft:oak_sapling":3,"iceandfire:raw_silver":25,"minecraft:mutton":1,"minecraft:coal":188,"alexsmobs:lobster_tail":5,"minecraft:rail":29,"minecraft:cobblestone":54},"minecraft:used":{"minecraft:cooked_mutton":1,"minecraft:stone_pickaxe":66,"minecraft:chest":4,"minecraft:shield":5,"minecraft:wooden_pickaxe":6,"minecraft:torch":42,"minecraft:crafting_table":10,"minecraft:gray_concrete":2,"minecraft:granite":2,"terramity:topaz_sword":67,"iceandfire:silver_pickaxe":221,"born_in_chaos_v1:corpse_maggot":2,"alexsmobs:lobster_tail":5,"born_in_chaos_v1:monster_flesh":3,"minecraft:iron_axe":23,"minecraft:bread":1,"minecraft:stone_axe":76,"minecraft:cobblestone":96,"minecraft:furnace":6,"minecraft:gray_banner":2,"minecraft:cooked_beef":2,"minecraft:acacia_planks":10,"terramity:topaz_axe":9},"minecraft:crafted":{"minecraft:cooked_beef":16,"minecraft:oak_planks":5,"iceandfire:silver_ingot":21,"minecraft:cooked_porkchop":2,"minecraft:crafting_table":1,"minecraft:wooden_pickaxe":1,"terramity:topaz_sword":1,"minecraft:stone_axe":1,"minecraft:cooked_mutton":1,"minecraft:air":89,"iceandfire:armor_silver_metal_chestplate":1,"terramity:topaz_axe":1,"minecraft:shield":1,"iceandfire:armor_silver_metal_leggings":1,"minecraft:stick":6,"minecraft:iron_ingot":23,"minecraft:stone_pickaxe":1,"minecraft:acacia_planks":6,"minecraft:torch":7,"iceandfire:silver_pickaxe":1},"minecraft:killed_by":{"minecraft:skeleton":1,"born_in_chaos_v1:corpse_fly":1},"minecraft:dropped":{"minecraft:stone_axe":1,"alexsmobs:gazelle_horn":2,"minecraft:wheat_seeds":1,"minecraft:lever":1,"minecraft:rotten_flesh":4,"born_in_chaos_v1:gnawed_bones":2,"minecraft:dirt":2,"minecraft:gray_concrete":9,"minecraft:spruce_planks":2,"born_in_chaos_v1:monster_skin":3,"skilltree:gem":14,"minecraft:oak_sapling":3,"minecraft:stone_pickaxe":1,"minecraft:wooden_pickaxe":2,"minecraft:bone":5},"minecraft:custom":{"minecraft:interact_with_furnace":24,"minecraft:mob_kills":38,"minecraft:interact_with_crafting_table":13,"minecraft:open_barrel":17,"minecraft:damage_dealt_resisted":177,"minecraft:leave_game":8,"minecraft:time_since_death":14907,"minecraft:sleep_in_bed":1,"minecraft:climb_one_cm":60,"minecraft:time_since_rest":1466,"minecraft:sprint_one_cm":104774,"minecraft:damage_taken":908,"minecraft:walk_one_cm":103268,"minecraft:damage_blocked_by_shield":120,"minecraft:drop":26,"minecraft:damage_dealt":7850,"minecraft:swim_one_cm":30967,"minecraft:fly_one_cm":192652,"minecraft:open_chest":8,"minecraft:crouch_one_cm":27742,"minecraft:play_time":51727,"minecraft:deaths":2,"minecraft:sneak_time":7788,"minecraft:walk_under_water_one_cm":12539,"minecraft:jump":1026,"minecraft:walk_on_water_one_cm":14115,"minecraft:total_world_time":51727,"minecraft:interact_with_smoker":9,"minecraft:fall_one_cm":31659},"minecraft:killed":{"alexsmobs:lobster":8,"minecraft:cave_spider":5,"boh:nemesis":2,"born_in_chaos_v1:pumpkin_dunce":1,"born_in_chaos_v1:baby_skeleton":1,"realmrpg_quests:monster_hunter":1,"born_in_chaos_v1:zombie_bruiser":1,"minecraft:skeleton":2,"boh:chucky":1,"born_in_chaos_v1:dire_hound_leader":1,"iceandfire:ghost":1,"born_in_chaos_v1:dread_hound":6,"born_in_chaos_v1:corpse_fly":2,"alexsmobs:gazelle":1,"terramity:cave_gnome":1,"minecraft:cow":4},"minecraft:mined":{"minecraft:acacia_leaves":11,"minecraft:spruce_planks":2,"minecraft:gray_concrete":10,"iceandfire:silver_ore":25,"terramity:topaz_ore":10,"minecraft:crafting_table":7,"minecraft:lever":1,"minecraft:granite":1,"minecraft:acacia_log":6,"minecraft:grass_block":3,"minecraft:chest":3,"minecraft:cobblestone":8,"minecraft:coal_block":2,"minecraft:tall_grass":1,"minecraft:wall_torch":1,"minecraft:furnace":6,"minecraft:iron_ore":23,"minecraft:barrel":3,"minecraft:andesite":2,"minecraft:smooth_stone_slab":3,"minecraft:grass":7,"minecraft:coal_ore":124,"minecraft:oak_log":5,"minecraft:rail":28,"minecraft:cobweb":19,"minecraft:acacia_planks":5,"minecraft:stone":48,"minecraft:oak_leaves":36}},"DataVersion":3465}