{"stats":{"minecraft:mined":{"minecraft:dark_oak_planks":2,"iceandfire:silver_ore":23,"minecraft:dark_oak_leaves":12,"minecraft:dark_oak_log":47,"minecraft:furnace":3,"minecraft:iron_ore":10,"minecraft:andesite":6,"minecraft:mossy_stone_brick_stairs":1,"minecraft:cave_vines":1,"minecraft:iron_bars":2,"minecraft:stone":51,"minecraft:player_head":3,"minecraft:brown_mushroom":2,"minecraft:stripped_dark_oak_log":1,"minecraft:crafting_table":7,"iceandfire:ghost_chest":2,"minecraft:mushroom_stem":1,"minecraft:tall_grass":1,"minecraft:cobblestone":2,"minecraft:dried_kelp_block":1,"minecraft:sugar_cane":9,"minecraft:diorite":12,"minecraft:skeleton_skull":1,"terramity:igneostone":3,"minecraft:chain":1,"boh:spinel_ore_ore":16,"minecraft:black_bed":1,"minecraft:wither_rose":1,"minecraft:grass":2,"minecraft:oak_log":8,"minecraft:coal_ore":78,"minecraft:mycelium":2,"minecraft:gravel":11,"minecraft:stone_bricks":2,"minecraft:mossy_stone_bricks":1,"minecraft:oak_leaves":1},"minecraft:killed_by":{"alexsmobs:skelewag":1,"minecraft:player":1,"boh:celebi":1,"iceandfire:sea_serpent":2,"minecraft:skeleton":1},"minecraft:dropped":{"minecraft:golden_boots":2,"minecraft:iron_ingot":3,"minecraft:brown_mushroom":4,"iceandfire:silver_axe":1,"boh:spinel":16,"minecraft:feather":4,"minecraft:cobblestone":286,"minecraft:warped_roots":2,"minecraft:granite":49,"minecraft:mossy_stone_brick_stairs":1,"iceandfire:ectoplasm":4,"minecraft:copper_ingot":20,"minecraft:stick":4,"minecraft:cobweb":3,"minecraft:dirt":2,"minecraft:wooden_axe":1,"skilltree:gem":20,"minecraft:fire_charge":1,"minecraft:chain":2,"minecraft:gold_nugget":21,"minecraft:wither_rose":1,"minecraft:dark_oak_planks":63,"terramity:fairy_dust":4,"minecraft:bone":19,"minecraft:gravel":11,"minecraft:dark_oak_door":1,"minecraft:stone_axe":1,"minecraft:player_head":2,"minecraft:cobbled_deepslate":39,"minecraft:raw_copper":4,"minecraft:twisting_vines":5,"terramity:big_iron":1,"minecraft:raw_iron":1,"minecraft:rotten_flesh":2,"minecraft:clay_ball":8,"minecraft:oak_planks":3,"minecraft:stone_slab":1,"terramity:copper_round":4,"iceandfire:armor_copper_metal_helmet":1,"minecraft:big_dripleaf":5,"aether:iron_gloves":2,"minecraft:skeleton_skull":1,"minecraft:andesite":1,"minecraft:mossy_stone_bricks":1,"minecraft:stone_bricks":2,"minecraft:iron_bars":1,"minecraft:stone_pickaxe":1,"minecraft:wooden_pickaxe":1,"iceandfire:manuscript":26},"minecraft:crafted":{"minecraft:oak_planks":8,"minecraft:dark_oak_boat":6,"minecraft:furnace":2,"iceandfire:armor_silver_metal_chestplate":1,"minecraft:stone_pickaxe":1,"minecraft:dark_oak_planks":70,"iceandfire:silver_axe":1,"minecraft:cooked_beef":23,"iceandfire:silver_ingot":10,"minecraft:crafting_table":3,"minecraft:wooden_pickaxe":1,"minecraft:bucket":2,"minecraft:stone_axe":1,"minecraft:air":384,"minecraft:stick":6,"minecraft:iron_ingot":8,"minecraft:wooden_axe":1,"minecraft:torch":8,"iceandfire:silver_pickaxe":1},"minecraft:used":{"born_in_chaos_v1:spiritual_guide_sombrero_helmet":1,"minecraft:torch":2,"minecraft:golden_shovel":13,"minecraft:golden_chestplate":1,"minecraft:dark_oak_planks":170,"minecraft:wooden_axe":3,"minecraft:lava_bucket":1,"minecraft:beef":3,"minecraft:dark_oak_boat":8,"minecraft:furnace":6,"iceandfire:armor_copper_metal_helmet":1,"minecraft:cooked_beef":13,"minecraft:dark_oak_sapling":2,"minecraft:golden_boots":1,"minecraft:stone_pickaxe":77,"minecraft:oak_planks":14,"minecraft:wooden_pickaxe":7,"minecraft:crafting_table":16,"iceandfire:silver_axe":130,"iceandfire:silver_pickaxe":130,"minecraft:chicken":1,"minecraft:stone_axe":56,"minecraft:cobblestone":8,"terramity:igneostone":2,"minecraft:bucket":2,"minecraft:golden_pickaxe":5},"minecraft:custom":{"minecraft:mob_kills":99,"minecraft:interact_with_crafting_table":20,"minecraft:leave_game":4,"minecraft:time_since_death":771,"minecraft:climb_one_cm":466,"minecraft:sprint_one_cm":228819,"minecraft:walk_one_cm":129878,"minecraft:drop":88,"minecraft:talked_to_villager":3,"minecraft:play_time":118233,"minecraft:deaths":7,"minecraft:sneak_time":6790,"minecraft:walk_under_water_one_cm":15415,"minecraft:boat_one_cm":717682,"minecraft:jump":2065,"minecraft:walk_on_water_one_cm":9077,"minecraft:total_world_time":118233,"minecraft:interact_with_furnace":20,"minecraft:time_since_rest":803,"minecraft:damage_taken":2698,"minecraft:damage_dealt":11158,"minecraft:swim_one_cm":74045,"minecraft:fly_one_cm":477476,"minecraft:player_kills":1,"minecraft:open_chest":11,"minecraft:crouch_one_cm":19676,"minecraft:fall_one_cm":59379},"minecraft:killed":{"boh:vampire":2,"minecraft:spider":1,"minecraft:chicken":1,"boh:celebi":2,"terramity:blue_fairy":2,"minecraft:mooshroom":88,"alexsmobs:mungus":2},"minecraft:picked_up":{"minecraft:crafting_table":7,"minecraft:chicken":1,"minecraft:clay_ball":8,"minecraft:brown_mushroom":4,"minecraft:stone_slab":1,"terramity:fairy_dust":4,"aether:iron_gloves":2,"boh:spinel":16,"minecraft:wither_rose":1,"minecraft:chain":2,"terramity:copper_round":4,"iceandfire:manuscript":26,"minecraft:beef":186,"minecraft:player_head":3,"minecraft:iron_nugget":8,"minecraft:sugar_cane":20,"minecraft:iron_boots":1,"minecraft:furnace":3,"minecraft:dark_oak_sapling":1,"iceandfire:ghost_chest":2,"minecraft:raw_iron":10,"minecraft:big_dripleaf":5,"minecraft:torch":1,"boh:vampire_blood":3,"minecraft:dark_oak_planks":30,"iceandfire:silver_ingot":4,"minecraft:rotten_flesh":2,"minecraft:iron_bars":1,"minecraft:skeleton_skull":2,"iceandfire:silver_axe":1,"minecraft:cobblestone":58,"minecraft:feather":4,"minecraft:andesite":1,"minecraft:black_bed":1,"minecraft:leather":84,"minecraft:dark_oak_boat":2,"minecraft:oak_log":8,"iceandfire:ectoplasm":4,"minecraft:golden_boots":1,"iceandfire:armor_copper_metal_helmet":1,"skilltree:gem":19,"minecraft:dirt":2,"terramity:igneostone":3,"minecraft:twisting_vines":5,"minecraft:bone":18,"minecraft:stone_bricks":2,"minecraft:cobweb":12,"minecraft:mossy_stone_bricks":1,"minecraft:mossy_stone_brick_stairs":1,"minecraft:gravel":11,"minecraft:dark_oak_log":69,"minecraft:warped_roots":2,"born_in_chaos_v1:spiritual_guide_sombrero_helmet":1,"minecraft:stripped_dark_oak_log":1,"minecraft:coal":141,"iceandfire:raw_silver":21}},"DataVersion":3465}