{"stats":{"minecraft:mined":{"minecraft:dark_oak_planks":12,"minecraft:dark_oak_leaves":4,"minecraft:iron_ore":9,"minecraft:dark_oak_log":40,"minecraft:crafting_table":1,"minecraft:granite":40,"minecraft:grass":1,"minecraft:coal_ore":18,"minecraft:gravel":1,"minecraft:cobblestone":1,"minecraft:lapis_ore":1,"minecraft:stone":329,"minecraft:diorite":81,"minecraft:oak_leaves":1,"minecraft:wall_torch":1},"minecraft:killed_by":{"minecraft:player":1},"minecraft:dropped":{"minecraft:wooden_pickaxe":1},"minecraft:crafted":{"minecraft:stone_shovel":1,"vanillaplustools:stone_hammer":1,"minecraft:crafting_table":1,"minecraft:stick":10,"minecraft:wooden_pickaxe":1,"minecraft:stone_pickaxe":10,"minecraft:stone_sword":1,"minecraft:furnace":1,"minecraft:torch":1,"minecraft:dark_oak_planks":34,"minecraft:stone_axe":1,"minecraft:air":176},"minecraft:used":{"minecraft:dark_oak_planks":26,"minecraft:apple":1,"minecraft:stone_sword":2,"minecraft:stone_pickaxe":29,"minecraft:wooden_pickaxe":17,"vanillaplustools:stone_hammer":49,"minecraft:stone_axe":51,"minecraft:torch":4,"minecraft:cobblestone":18,"minecraft:crafting_table":4,"minecraft:furnace":2},"minecraft:picked_up":{"minecraft:raw_iron":9,"minecraft:crafting_table":1,"minecraft:torch":1,"terramity:cardboard_block":1,"minecraft:gravel":1,"minecraft:diorite":81,"minecraft:lapis_lazuli":9,"skilltree:gem":3,"minecraft:dark_oak_log":38,"minecraft:dark_oak_planks":12,"minecraft:apple":1,"minecraft:granite":40,"minecraft:coal":18,"minecraft:cobblestone":449},"minecraft:custom":{"minecraft:time_since_rest":17237,"minecraft:interact_with_furnace":2,"minecraft:sprint_one_cm":40443,"minecraft:damage_taken":277,"minecraft:walk_one_cm":51864,"minecraft:drop":1,"minecraft:damage_dealt":315,"minecraft:swim_one_cm":18358,"minecraft:interact_with_crafting_table":7,"minecraft:fly_one_cm":31087,"minecraft:player_kills":2,"minecraft:crouch_one_cm":1032,"minecraft:play_time":32127,"minecraft:deaths":1,"minecraft:sneak_time":423,"minecraft:walk_under_water_one_cm":282,"minecraft:boat_one_cm":35411,"minecraft:jump":234,"minecraft:leave_game":2,"minecraft:time_since_death":17214,"minecraft:walk_on_water_one_cm":947,"minecraft:total_world_time":32127,"minecraft:fall_one_cm":6331}},"DataVersion":3465}