{"stats":{"minecraft:mined":{"minecraft:dark_oak_planks":12,"minecraft:deepslate_diamond_ore":2,"minecraft:spruce_planks":1,"minecraft:dark_oak_leaves":10,"minecraft:dark_oak_log":49,"minecraft:cave_vines_plant":2,"minecraft:chiseled_bookshelf":1,"minecraft:dark_oak_fence":1,"minecraft:granite":40,"minecraft:acacia_log":8,"minecraft:crimson_roots":1,"minecraft:brown_mushroom_block":2,"minecraft:moss_block":25,"minecraft:hay_block":141,"minecraft:smooth_stone":2,"minecraft:furnace":6,"minecraft:iron_ore":23,"minecraft:andesite":5,"minecraft:pumpkin":4,"minecraft:deepslate_lapis_ore":7,"minecraft:brown_bed":2,"minecraft:bookshelf":7,"minecraft:potatoes":1,"minecraft:cave_vines":4,"minecraft:deepslate_iron_ore":18,"minecraft:oak_stairs":3,"minecraft:stone":612,"minecraft:oak_slab":1,"minecraft:cyan_terracotta":1,"minecraft:clay":1,"minecraft:crafting_table":11,"boh:kindness_flower":1,"minecraft:torch":5,"iceandfire:ghost_chest":1,"minecraft:tall_grass":1,"minecraft:cobblestone":11,"minecraft:white_candle":1,"minecraft:lapis_ore":1,"minecraft:damaged_anvil":1,"minecraft:bricks":1,"minecraft:diorite":82,"minecraft:iron_door":1,"minecraft:wall_torch":3,"minecraft:coarse_dirt":8,"boh:spinel_ore_ore":6,"minecraft:wheat":4,"minecraft:black_bed":1,"minecraft:grass":2,"minecraft:oak_log":6,"minecraft:coal_ore":106,"minecraft:dirt":2,"minecraft:gravel":5,"terramity:deepslate_iridescent_ore":1,"minecraft:red_mushroom_block":2,"minecraft:stone_bricks":4,"minecraft:oak_leaves":5,"minecraft:deepslate":38},"minecraft:killed_by":{"alexsmobs:skelewag":1,"minecraft:player":1,"iceandfire:stymphalian_bird":3,"born_in_chaos_v1:skeleton_demoman":1},"minecraft:dropped":{"minecraft:iron_ingot":4,"boh:kindness_flower":1,"minecraft:brown_mushroom":2,"minecraft:wheat_seeds":17,"minecraft:feather":1,"minecraft:cobblestone":328,"minecraft:leather":2,"minecraft:dark_oak_button":1,"minecraft:granite":40,"minecraft:coal":5,"minecraft:stick":4,"minecraft:cobweb":2,"minecraft:dirt":12,"minecraft:dark_oak_log":1,"minecraft:diorite":145,"minecraft:torch":5,"terramity:cardboard_block":8,"skilltree:gem":9,"minecraft:iron_door":1,"minecraft:dark_oak_planks":64,"minecraft:birch_log":5,"minecraft:dark_oak_boat":1,"minecraft:bone":1,"minecraft:nether_wart":1,"minecraft:stone_sword":3,"terramity:big_iron":1,"minecraft:wheat":1,"minecraft:rotten_flesh":1,"minecraft:white_candle":12,"patchouli:guide_book":1,"minecraft:lingering_potion":2,"minecraft:stone_bricks":4,"minecraft:stone_pickaxe":5,"minecraft:wooden_pickaxe":2},"minecraft:used":{"minecraft:stone_sword":8,"minecraft:stone_shovel":12,"minecraft:iron_sword":9,"vanillaplustools:stone_hammer":99,"minecraft:stone_hoe":99,"minecraft:cooked_chicken":1,"minecraft:torch":94,"minecraft:dirt":20,"minecraft:dark_oak_planks":26,"minecraft:dark_oak_button":2,"minecraft:dark_oak_boat":3,"minecraft:furnace":8,"minecraft:cooked_beef":2,"minecraft:cooked_mutton":1,"minecraft:stone_pickaxe":73,"minecraft:wooden_pickaxe":38,"minecraft:crafting_table":22,"minecraft:apple":1,"minecraft:bread":21,"minecraft:iron_pickaxe":145,"minecraft:stone_axe":119,"minecraft:cobblestone":308,"minecraft:cooked_porkchop":1},"minecraft:crafted":{"minecraft:oak_planks":6,"minecraft:stone_shovel":3,"vanillaplustools:stone_hammer":3,"minecraft:cooked_chicken":1,"minecraft:furnace":3,"minecraft:cooked_mutton":1,"minecraft:stone_pickaxe":30,"minecraft:dark_oak_planks":41,"minecraft:stone_hoe":1,"minecraft:wheat":61,"minecraft:cooked_beef":2,"minecraft:cooked_porkchop":1,"minecraft:crafting_table":21,"minecraft:wooden_pickaxe":3,"minecraft:iron_sword":2,"minecraft:dark_oak_button":2,"minecraft:stone_axe":3,"minecraft:bread":123,"minecraft:air":908,"minecraft:stick":43,"minecraft:iron_ingot":30,"minecraft:iron_pickaxe":3,"minecraft:stone_sword":3,"minecraft:acacia_planks":8,"minecraft:torch":10},"minecraft:killed":{"terramity:pink_fairy":1,"minecraft:spider":2,"minecraft:skeleton":2,"born_in_chaos_v1:baby_skeleton":2,"born_in_chaos_v1:decrepit_skeleton":1,"realmrpg_quests:cook":1,"minecraft:zombie":1,"minecraft:mooshroom":2},"minecraft:custom":{"minecraft:mob_kills":12,"minecraft:interact_with_crafting_table":34,"minecraft:open_barrel":26,"minecraft:damage_dealt_resisted":6,"minecraft:leave_game":3,"minecraft:time_since_death":28255,"minecraft:climb_one_cm":16710,"minecraft:sprint_one_cm":289087,"minecraft:walk_one_cm":358808,"minecraft:drop":77,"minecraft:talked_to_villager":5,"minecraft:play_time":144974,"minecraft:deaths":9,"minecraft:sneak_time":5149,"minecraft:walk_under_water_one_cm":4943,"minecraft:boat_one_cm":374807,"minecraft:interact_with_brewingstand":1,"minecraft:jump":2274,"minecraft:walk_on_water_one_cm":6321,"minecraft:total_world_time":144974,"minecraft:interact_with_furnace":40,"minecraft:interact_with_cartography_table":3,"minecraft:sleep_in_bed":11,"minecraft:time_since_rest":28350,"minecraft:damage_taken":3922,"minecraft:damage_dealt":2282,"minecraft:swim_one_cm":42915,"minecraft:fly_one_cm":423705,"minecraft:player_kills":3,"minecraft:open_chest":33,"minecraft:crouch_one_cm":10261,"minecraft:interact_with_smoker":1,"minecraft:fall_one_cm":67604},"minecraft:picked_up":{"minecraft:lingering_potion":4,"minecraft:crafting_table":11,"minecraft:coarse_dirt":10,"minecraft:nether_wart":1,"minecraft:clay_ball":4,"terramity:fairy_dust":1,"minecraft:brown_mushroom":2,"iceandfire:armor_copper_metal_chestplate":1,"boh:spinel":6,"minecraft:oak_stairs":2,"minecraft:brown_bed":2,"minecraft:string":4,"minecraft:moss_carpet":1,"iceandfire:manuscript":9,"minecraft:cobbled_deepslate":35,"minecraft:beef":2,"minecraft:furnace":6,"terramity:big_iron":1,"minecraft:raw_iron":39,"iceandfire:armor_copper_metal_leggings":1,"minecraft:torch":55,"minecraft:acacia_log":8,"epicfight:skillbook":1,"minecraft:diorite":145,"iceandfire:armor_copper_metal_boots":1,"minecraft:dark_oak_planks":93,"minecraft:stone_sword":2,"minecraft:arrow":2,"minecraft:rotten_flesh":1,"minecraft:hay_block":140,"minecraft:glow_berries":1,"minecraft:blaze_powder":3,"minecraft:cobblestone":821,"minecraft:dark_oak_button":1,"minecraft:iron_door":2,"minecraft:black_bed":1,"minecraft:leather":3,"minecraft:dark_oak_boat":4,"terramity:cardboard_block":1,"minecraft:oak_log":6,"skilltree:gem":18,"minecraft:lapis_lazuli":45,"minecraft:dirt":10,"minecraft:white_banner":1,"minecraft:bone":1,"minecraft:apple":1,"minecraft:stone_bricks":8,"boh:kindness_flower":2,"minecraft:wheat_seeds":16,"minecraft:iron_ingot":3,"minecraft:stone_pickaxe":2,"minecraft:cobweb":2,"minecraft:moss_block":18,"minecraft:book":20,"minecraft:oak_slab":1,"minecraft:pumpkin":4,"minecraft:gravel":5,"terramity:iridescent_shard":2,"minecraft:dark_oak_log":47,"minecraft:white_candle":12,"minecraft:diamond":2,"minecraft:granite":40,"minecraft:damaged_anvil":1,"minecraft:dark_oak_fence":1,"minecraft:coal":160}},"DataVersion":3465}