{"stats":{"minecraft:mined":{"minecraft:dark_oak_leaves":4,"minecraft:stone":17,"minecraft:dark_oak_log":37,"minecraft:crafting_table":1},"minecraft:killed_by":{"minecraft:player":1},"minecraft:dropped":{"minecraft:wooden_pickaxe":1},"minecraft:used":{"minecraft:stone_axe":35,"minecraft:stone_sword":2,"minecraft:crafting_table":2,"minecraft:wooden_pickaxe":17},"minecraft:crafted":{"minecraft:stone_sword":1,"minecraft:furnace":1,"minecraft:stone_shovel":1,"minecraft:dark_oak_planks":34,"minecraft:stone_axe":1,"minecraft:crafting_table":1,"minecraft:stick":6,"minecraft:wooden_pickaxe":1,"minecraft:air":146,"minecraft:stone_pickaxe":1},"minecraft:picked_up":{"minecraft:crafting_table":1,"minecraft:dark_oak_log":34,"minecraft:cobblestone":17},"minecraft:custom":{"minecraft:time_since_rest":5237,"minecraft:crouch_one_cm":159,"minecraft:deaths":1,"minecraft:play_time":20127,"minecraft:sprint_one_cm":27863,"minecraft:damage_taken":247,"minecraft:walk_one_cm":28847,"minecraft:sneak_time":76,"minecraft:walk_under_water_one_cm":203,"minecraft:boat_one_cm":34891,"minecraft:drop":1,"minecraft:jump":136,"minecraft:walk_on_water_one_cm":194,"minecraft:damage_dealt":315,"minecraft:leave_game":2,"minecraft:time_since_death":5214,"minecraft:total_world_time":20127,"minecraft:swim_one_cm":2566,"minecraft:player_kills":2,"minecraft:fall_one_cm":5164,"minecraft:interact_with_crafting_table":3,"minecraft:fly_one_cm":24884}},"DataVersion":3465}