{"stats":{"minecraft:mined":{"minecraft:dark_oak_planks":12,"minecraft:dark_oak_leaves":4,"minecraft:dark_oak_log":40,"boh:kindness_flower":1,"minecraft:crafting_table":6,"minecraft:torch":2,"minecraft:chiseled_bookshelf":1,"minecraft:granite":40,"iceandfire:ghost_chest":1,"minecraft:crimson_roots":1,"minecraft:brown_mushroom_block":2,"minecraft:cobblestone":1,"minecraft:lapis_ore":1,"minecraft:damaged_anvil":1,"minecraft:diorite":81,"minecraft:wall_torch":2,"minecraft:hay_block":129,"boh:spinel_ore_ore":6,"minecraft:furnace":3,"minecraft:iron_ore":11,"minecraft:wheat":4,"minecraft:black_bed":1,"minecraft:grass":1,"minecraft:bookshelf":7,"minecraft:potatoes":1,"minecraft:coal_ore":34,"minecraft:gravel":1,"minecraft:red_mushroom_block":2,"minecraft:stone":330,"minecraft:oak_leaves":1},"minecraft:killed_by":{"minecraft:player":1},"minecraft:dropped":{"boh:kindness_flower":1,"minecraft:brown_mushroom":2,"minecraft:wheat_seeds":17,"minecraft:nether_wart":1,"minecraft:wheat":1,"minecraft:feather":1,"minecraft:cobblestone":328,"minecraft:leather":2,"minecraft:granite":40,"patchouli:guide_book":1,"minecraft:stick":4,"minecraft:cobweb":2,"minecraft:dirt":12,"minecraft:dark_oak_log":1,"minecraft:diorite":145,"terramity:cardboard_block":8,"minecraft:lingering_potion":2,"skilltree:gem":4,"minecraft:stone_pickaxe":3,"minecraft:wooden_pickaxe":1,"minecraft:dark_oak_planks":64,"minecraft:birch_log":5,"minecraft:dark_oak_boat":1},"minecraft:crafted":{"minecraft:stone_shovel":1,"vanillaplustools:stone_hammer":1,"minecraft:cooked_porkchop":1,"minecraft:crafting_table":17,"minecraft:wooden_pickaxe":1,"minecraft:cooked_chicken":1,"minecraft:furnace":1,"minecraft:stone_axe":1,"minecraft:bread":99,"minecraft:air":584,"minecraft:stick":15,"minecraft:iron_ingot":9,"minecraft:iron_pickaxe":1,"minecraft:stone_pickaxe":10,"minecraft:stone_sword":1,"minecraft:dark_oak_planks":34,"minecraft:torch":1,"minecraft:stone_hoe":1,"minecraft:wheat":53},"minecraft:used":{"minecraft:stone_sword":3,"minecraft:stone_pickaxe":29,"minecraft:wooden_pickaxe":17,"vanillaplustools:stone_hammer":49,"minecraft:stone_hoe":97,"minecraft:cooked_chicken":1,"minecraft:torch":14,"minecraft:crafting_table":12,"minecraft:dark_oak_planks":26,"minecraft:apple":1,"minecraft:bread":5,"minecraft:iron_pickaxe":29,"minecraft:stone_axe":77,"minecraft:cobblestone":112,"minecraft:dark_oak_boat":3,"minecraft:furnace":4,"minecraft:cooked_porkchop":1},"minecraft:killed":{"minecraft:mooshroom":2},"minecraft:custom":{"minecraft:interact_with_furnace":10,"minecraft:mob_kills":2,"minecraft:interact_with_crafting_table":15,"minecraft:leave_game":2,"minecraft:time_since_death":53214,"minecraft:sleep_in_bed":1,"minecraft:climb_one_cm":1068,"minecraft:time_since_rest":22280,"minecraft:sprint_one_cm":132217,"minecraft:damage_taken":527,"minecraft:walk_one_cm":127942,"minecraft:drop":38,"minecraft:damage_dealt":650,"minecraft:talked_to_villager":1,"minecraft:swim_one_cm":41926,"minecraft:player_kills":2,"minecraft:fly_one_cm":192143,"minecraft:open_chest":9,"minecraft:crouch_one_cm":2680,"minecraft:play_time":68127,"minecraft:deaths":1,"minecraft:sneak_time":995,"minecraft:walk_under_water_one_cm":4838,"minecraft:boat_one_cm":239552,"minecraft:interact_with_brewingstand":1,"minecraft:jump":843,"minecraft:walk_on_water_one_cm":2805,"minecraft:total_world_time":68127,"minecraft:fall_one_cm":17507},"minecraft:picked_up":{"minecraft:lingering_potion":4,"minecraft:crafting_table":6,"minecraft:nether_wart":1,"minecraft:black_bed":1,"minecraft:leather":2,"minecraft:brown_mushroom":2,"minecraft:dark_oak_boat":4,"terramity:cardboard_block":1,"boh:spinel":6,"iceandfire:manuscript":9,"skilltree:gem":5,"minecraft:lapis_lazuli":9,"minecraft:apple":1,"boh:kindness_flower":2,"minecraft:wheat_seeds":15,"minecraft:iron_ingot":3,"minecraft:cobweb":2,"minecraft:furnace":3,"minecraft:book":20,"minecraft:raw_iron":11,"minecraft:torch":3,"minecraft:gravel":1,"minecraft:diorite":145,"minecraft:dark_oak_log":38,"minecraft:dark_oak_planks":76,"minecraft:hay_block":128,"minecraft:granite":40,"minecraft:damaged_anvil":1,"minecraft:coal":63,"minecraft:blaze_powder":3,"minecraft:cobblestone":546}},"DataVersion":3465}