{"stats":{"minecraft:mined":{"minecraft:dark_oak_planks":12,"minecraft:dark_oak_leaves":4,"minecraft:dark_oak_log":40,"boh:kindness_flower":1,"minecraft:crafting_table":3,"minecraft:granite":40,"minecraft:brown_mushroom_block":2,"minecraft:cobblestone":1,"minecraft:lapis_ore":1,"minecraft:diorite":81,"minecraft:wall_torch":2,"boh:spinel_ore_ore":6,"minecraft:furnace":3,"minecraft:iron_ore":9,"minecraft:grass":1,"minecraft:coal_ore":18,"minecraft:gravel":1,"minecraft:red_mushroom_block":2,"minecraft:stone":330,"minecraft:oak_leaves":1},"minecraft:killed_by":{"minecraft:player":1},"minecraft:dropped":{"minecraft:wheat_seeds":2,"minecraft:feather":1,"minecraft:cobblestone":42,"minecraft:granite":40,"patchouli:guide_book":1,"minecraft:dirt":12,"minecraft:dark_oak_log":1,"minecraft:diorite":17,"terramity:cardboard_block":8,"minecraft:stone_pickaxe":1,"minecraft:wooden_pickaxe":1},"minecraft:crafted":{"minecraft:stone_shovel":1,"vanillaplustools:stone_hammer":1,"minecraft:cooked_porkchop":1,"minecraft:crafting_table":17,"minecraft:wooden_pickaxe":1,"minecraft:cooked_chicken":1,"minecraft:furnace":1,"minecraft:stone_axe":1,"minecraft:air":192,"minecraft:stick":14,"minecraft:iron_ingot":9,"minecraft:iron_pickaxe":1,"minecraft:stone_pickaxe":10,"minecraft:stone_sword":1,"minecraft:dark_oak_planks":34,"minecraft:torch":1},"minecraft:used":{"minecraft:stone_sword":3,"minecraft:stone_pickaxe":29,"minecraft:wooden_pickaxe":17,"vanillaplustools:stone_hammer":49,"minecraft:cooked_chicken":1,"minecraft:torch":4,"minecraft:crafting_table":4,"minecraft:dark_oak_planks":26,"minecraft:apple":1,"minecraft:iron_pickaxe":10,"minecraft:stone_axe":62,"minecraft:cobblestone":112,"minecraft:dark_oak_boat":2,"minecraft:furnace":4,"minecraft:cooked_porkchop":1},"minecraft:killed":{"minecraft:mooshroom":2},"minecraft:custom":{"minecraft:interact_with_furnace":10,"minecraft:mob_kills":2,"minecraft:interact_with_crafting_table":8,"minecraft:leave_game":2,"minecraft:time_since_death":29214,"minecraft:time_since_rest":29237,"minecraft:sprint_one_cm":71131,"minecraft:damage_taken":327,"minecraft:walk_one_cm":69679,"minecraft:drop":11,"minecraft:damage_dealt":650,"minecraft:swim_one_cm":19282,"minecraft:player_kills":2,"minecraft:fly_one_cm":89158,"minecraft:crouch_one_cm":1960,"minecraft:play_time":44127,"minecraft:deaths":1,"minecraft:sneak_time":816,"minecraft:walk_under_water_one_cm":403,"minecraft:boat_one_cm":68805,"minecraft:jump":494,"minecraft:walk_on_water_one_cm":1314,"minecraft:total_world_time":44127,"minecraft:fall_one_cm":10093},"minecraft:picked_up":{"minecraft:crafting_table":3,"minecraft:leather":2,"minecraft:brown_mushroom":2,"minecraft:dark_oak_boat":2,"terramity:cardboard_block":1,"boh:spinel":6,"skilltree:gem":3,"minecraft:lapis_lazuli":9,"minecraft:apple":1,"boh:kindness_flower":1,"minecraft:furnace":3,"minecraft:raw_iron":9,"minecraft:torch":2,"minecraft:gravel":1,"minecraft:diorite":81,"minecraft:dark_oak_log":38,"minecraft:dark_oak_planks":12,"minecraft:granite":40,"minecraft:coal":47,"minecraft:cobblestone":450}},"DataVersion":3465}