{"stats":{"minecraft:broken":{"vanillaplustools:iron_hammer":1,"minecraft:iron_boots":1,"minecraft:iron_leggings":1},"minecraft:mined":{"minecraft:dark_oak_planks":1,"alexscaves:spelunkery_table":1,"minecraft:tuff":146,"minecraft:deepslate_diamond_ore":12,"minecraft:sculk_vein":1,"minecraft:cobblestone_stairs":4,"minecraft:jungle_leaves":11,"minecraft:obsidian":4,"minecraft:granite":62,"minecraft:acacia_log":9,"minecraft:stripped_jungle_wood":1,"minecraft:jungle_planks":7,"minecraft:jungle_log":68,"terramity:deepslate_topaz_ore":4,"minecraft:coal_block":24,"terramity:stone_tiles":8,"minecraft:spawner":4,"minecraft:diorite_slab":1,"minecraft:cobbled_deepslate":1,"minecraft:fire":8,"minecraft:iron_ore":47,"minecraft:andesite":60,"minecraft:deepslate_lapis_ore":1,"minecraft:gold_block":2,"minecraft:sculk_shrieker":4,"minecraft:vine":2,"minecraft:deepslate_iron_ore":3,"minecraft:iron_bars":1,"minecraft:white_wool":1,"minecraft:stone":934,"minecraft:spruce_slab":3,"minecraft:tripwire":1,"minecraft:acacia_leaves":5,"minecraft:glass_pane":1,"minecraft:torch":4,"minecraft:emerald_ore":1,"minecraft:sculk_sensor":3,"minecraft:tall_grass":3,"minecraft:copper_ore":7,"minecraft:cobblestone":20,"minecraft:deepslate_gold_ore":2,"minecraft:diorite":33,"minecraft:wall_torch":3,"boh:spinel_ore_ore":9,"minecraft:wheat":9,"minecraft:birch_leaves":2,"minecraft:smooth_stone_slab":2,"minecraft:grass":7,"minecraft:oak_log":3,"minecraft:coal_ore":10,"minecraft:dirt":2,"minecraft:gravel":2,"terramity:deepslate_iridescent_ore":1,"minecraft:cobweb":3,"minecraft:stripped_acacia_wood":4,"minecraft:netherrack":1,"minecraft:deepslate":1069,"minecraft:oak_leaves":35,"minecraft:redstone_lamp":1},"minecraft:killed":{"born_in_chaos_v1:mr_pumpkin":3,"boh:ghostface":1,"born_in_chaos_v1:door_knight_not_despawn":1,"minecraft:spider":4,"alexsmobs:seagull":1,"born_in_chaos_v1:siamese_skeletonsright":1,"born_in_chaos_v1:maggot":3,"born_in_chaos_v1:pumpkinhead":1,"boh:goji":3,"minecraft:skeleton":10,"mowziesmobs:ferrous_wroughtnaut":1,"terramity:echo_bug":1,"born_in_chaos_v1:barrel_zombie":1,"minecraft:magma_cube":3,"born_in_chaos_v1:felsteed":1,"minecraft:husk":5,"born_in_chaos_v1:pumpkin_dunce":2,"boh:jason_mask":1,"born_in_chaos_v1:senor_pumpkin":1,"minecraft:creeper":2,"born_in_chaos_v1:decrepit_skeleton":4,"alexsmobs:emu":1,"minecraft:sheep":2,"boh:chucky":2,"terramity:simple_turret":1,"born_in_chaos_v1:decaying_zombie":2,"minecraft:zombie":9,"born_in_chaos_v1:dread_hound":3,"boh:rexy":1,"born_in_chaos_v1:corpse_fly":1,"boh:jason_voorhees":1,"minecraft:wither_skeleton":5,"boh:ghostface_decoy":1,"born_in_chaos_v1:siamese_skeletonsleft":1,"minecraft:enderman":2,"minecraft:cow":5},"minecraft:picked_up":{"born_in_chaos_v1:diamond_termite_shard":1,"minecraft:wheat":9,"iceandfire:witherbone":4,"minecraft:ladder":2,"boh:spinel":4,"minecraft:gold_block":2,"born_in_chaos_v1:holiday_candy":18,"minecraft:string":50,"minecraft:raw_copper":26,"minecraft:smooth_stone_slab":4,"terramity:electronic_scrap":2,"terramity:accursed_soul":13,"born_in_chaos_v1:chocolate_heart":1,"alexsmobs:emu_feather":2,"minecraft:cobbled_deepslate":391,"minecraft:echo_shard":2,"minecraft:beef":10,"born_in_chaos_v1:smoldering_infernal_ember":4,"minecraft:jungle_sapling":1,"born_in_chaos_v1:gnawed_bones":1,"minecraft:spruce_slab":3,"minecraft:coal_block":24,"minecraft:birch_sapling":2,"alexsmobs:leafcutter_ant_chamber":4,"minecraft:stick":1,"minecraft:raw_iron":50,"born_in_chaos_v1:shattered_skull":1,"minecraft:torch":10,"minecraft:acacia_log":9,"born_in_chaos_v1:pumpkinstaffa":1,"minecraft:porkchop":14,"minecraft:diorite":30,"minecraft:redstone":1,"minecraft:dark_oak_planks":1,"minecraft:arrow":8,"minecraft:rotten_flesh":28,"born_in_chaos_v1:sweet_sword":1,"alexscaves:spelunkery_table":1,"minecraft:obsidian":4,"born_in_chaos_v1:trident_hayfork":1,"minecraft:mutton":2,"alexsmobs:kangaroo_meat":1,"minecraft:white_wool":2,"minecraft:cobblestone":315,"born_in_chaos_v1:fused_bone":2,"born_in_chaos_v1:corpse_maggot":3,"minecraft:feather":1,"minecraft:cooked_beef":2,"minecraft:golden_carrot":1,"born_in_chaos_v1:monster_flesh":3,"minecraft:jungle_log":66,"minecraft:andesite":38,"minecraft:leather":4,"born_in_chaos_v1:mint_ice_cream":1,"minecraft:oak_log":3,"terramity:topaz":4,"minecraft:gunpowder":1,"minecraft:cobblestone_stairs":4,"mowziesmobs:wrought_axe":1,"skilltree:gem":11,"minecraft:lapis_lazuli":6,"minecraft:dirt":4,"born_in_chaos_v1:monster_skin":3,"minecraft:bone":21,"born_in_chaos_v1:soul_cutlass":1,"minecraft:acacia_planks":16,"minecraft:wheat_seeds":27,"minecraft:raw_gold":1,"minecraft:iron_ingot":3,"born_in_chaos_v1:caramel_pepper":17,"minecraft:acacia_sapling":4,"boh:gojibreath":32,"born_in_chaos_v1:lifestealer_bone":4,"terramity:tome_of_ascension":1,"minecraft:stripped_acacia_wood":4,"minecraft:jungle_planks":5,"mowziesmobs:wrought_helmet":1,"epicfight:uchigatana":1,"terramity:iridescent_shard":4,"minecraft:spider_eye":1,"minecraft:diamond":6,"ad_astra:oil_bucket":4,"minecraft:granite":3,"minecraft:emerald":1,"terramity:gold_round":9,"minecraft:netherrack":1,"minecraft:oak_sapling":1,"minecraft:chorus_fruit":1,"minecraft:coal":10},"minecraft:used":{"minecraft:spruce_slab":2,"born_in_chaos_v1:chocolate_heart":1,"minecraft:iron_sword":74,"minecraft:cooked_salmon":1,"minecraft:rotten_flesh":2,"minecraft:netherrack":2,"minecraft:torch":132,"minecraft:dirt":6,"minecraft:mutton":2,"minecraft:jungle_planks":486,"minecraft:carrot":11,"born_in_chaos_v1:soul_cutlass":208,"minecraft:acacia_sapling":6,"minecraft:jungle_sapling":2,"minecraft:dark_oak_planks":2,"boh:gojibreath":104,"minecraft:iron_axe":85,"terramity:echo_candy":4,"minecraft:iron_boots":1,"minecraft:golden_carrot":31,"minecraft:furnace":8,"minecraft:cooked_cod":1,"minecraft:cooked_beef":12,"minecraft:acacia_planks":10,"minecraft:cobbled_deepslate":166,"minecraft:iron_leggings":1,"born_in_chaos_v1:trident_hayfork":1,"minecraft:wheat_seeds":18,"born_in_chaos_v1:mint_ice_cream":1,"minecraft:water_bucket":34,"minecraft:chorus_fruit":1,"minecraft:stone_pickaxe":43,"minecraft:leather_boots":1,"minecraft:salmon":1,"minecraft:golden_apple":4,"minecraft:glow_berries":9,"minecraft:crafting_table":8,"born_in_chaos_v1:holiday_candy":17,"mowziesmobs:wrought_axe":249,"ad_astra:oil_bucket":2,"minecraft:diamond_pickaxe":44,"minecraft:apple":4,"minecraft:bread":20,"minecraft:iron_pickaxe":216,"alexsmobs:kangaroo_meat":1,"minecraft:cobblestone":292,"travelersbackpack:standard":2,"vanillaplustools:iron_hammer":249,"minecraft:bucket":63,"minecraft:splash_potion":1,"minecraft:smooth_stone_slab":8,"alexsmobs:leafcutter_ant_chamber":8,"epicfight:uchigatana":47},"minecraft:custom":{"minecraft:mob_kills":89,"minecraft:interact_with_crafting_table":38,"minecraft:open_barrel":83,"minecraft:damage_dealt_resisted":1107,"minecraft:leave_game":14,"minecraft:time_since_death":5492,"minecraft:climb_one_cm":22529,"minecraft:sprint_one_cm":769593,"minecraft:walk_one_cm":746652,"minecraft:drop":70,"minecraft:damage_dealt_absorbed":32,"minecraft:talked_to_villager":5,"minecraft:play_time":283666,"minecraft:deaths":10,"minecraft:sneak_time":19768,"minecraft:walk_under_water_one_cm":22782,"minecraft:jump":2845,"minecraft:walk_on_water_one_cm":50312,"minecraft:total_world_time":283666,"minecraft:interact_with_furnace":52,"minecraft:tune_noteblock":2,"minecraft:interact_with_loom":1,"minecraft:interact_with_stonecutter":1,"minecraft:sleep_in_bed":1,"minecraft:time_since_rest":5521,"minecraft:damage_taken":9713,"minecraft:damage_absorbed":160,"minecraft:damage_dealt":29464,"minecraft:player_kills":4,"minecraft:swim_one_cm":62459,"minecraft:fly_one_cm":766242,"minecraft:open_chest":63,"minecraft:crouch_one_cm":69996,"minecraft:interact_with_smoker":2,"minecraft:fall_one_cm":437603},"minecraft:crafted":{"minecraft:oak_planks":3,"minecraft:coal":5,"minecraft:leather_boots":1,"minecraft:furnace":4,"vanillaplustools:iron_hammer":1,"minecraft:iron_boots":1,"minecraft:iron_axe":1,"minecraft:stone_pickaxe":1,"minecraft:chest":1,"sophisticatedbackpacks:iron_backpack":1,"minecraft:cooked_beef":10,"sophisticatedbackpacks:backpack":1,"minecraft:crafting_table":4,"sophisticatedbackpacks:gold_backpack":1,"minecraft:jungle_planks":66,"minecraft:bread":3,"minecraft:air":464,"minecraft:iron_chestplate":1,"minecraft:diamond_pickaxe":1,"minecraft:stick":18,"minecraft:iron_pickaxe":9,"minecraft:iron_ingot":63,"minecraft:iron_leggings":1,"minecraft:acacia_planks":9,"minecraft:torch":13},"minecraft:dropped":{"minecraft:water_bucket":1,"minecraft:iron_ingot":15,"minecraft:iron_sword":1,"minecraft:porkchop":8,"born_in_chaos_v1:shattered_skull":1,"minecraft:wheat_seeds":18,"minecraft:feather":1,"minecraft:cobblestone":165,"minecraft:granite":3,"travelersbackpack:standard":1,"minecraft:cobblestone_stairs":4,"born_in_chaos_v1:monster_flesh":3,"born_in_chaos_v1:gnawed_bones":1,"minecraft:diorite":30,"born_in_chaos_v1:monster_skin":3,"born_in_chaos_v1:fused_bone":2,"alexsmobs:emu_feather":2,"minecraft:amethyst_shard":6,"minecraft:iron_axe":1,"minecraft:bucket":2,"minecraft:string":11,"minecraft:bone":15,"minecraft:acacia_planks":17,"minecraft:white_wool":2,"minecraft:redstone":1,"minecraft:cobbled_deepslate":296,"minecraft:birch_sapling":2,"minecraft:rotten_flesh":21,"boh:gojibreath":2,"minecraft:stripped_acacia_wood":4,"born_in_chaos_v1:smoldering_infernal_ember":1,"minecraft:filled_map":1,"terramity:iridescent_shard":1,"minecraft:gunpowder":8,"minecraft:ladder":2,"minecraft:acacia_sapling":1,"minecraft:andesite":38,"minecraft:leather_boots":1,"born_in_chaos_v1:corpse_maggot":3,"minecraft:oak_sapling":1,"born_in_chaos_v1:diamond_termite_shard":1,"born_in_chaos_v1:sweet_sword":1,"minecraft:spider_eye":1,"minecraft:spruce_slab":2,"minecraft:iron_ore":11,"minecraft:stone_pickaxe":1,"minecraft:raw_gold":1,"terramity:tome_of_ascension":2},"minecraft:killed_by":{"minecraft:player":3,"terramity:echo_bug":1,"born_in_chaos_v1:corpse_fly":1,"mowziesmobs:ferrous_wroughtnaut":1}},"DataVersion":3465}