{"stats":{"minecraft:mined":{"minecraft:tuff":91,"minecraft:deepslate_diamond_ore":6,"minecraft:cobblestone_stairs":4,"minecraft:jungle_leaves":7,"minecraft:granite":3,"minecraft:acacia_log":4,"minecraft:coal_block":24,"terramity:stone_tiles":8,"minecraft:spawner":4,"minecraft:diorite_slab":1,"minecraft:iron_ore":39,"minecraft:andesite":4,"minecraft:iron_bars":1,"minecraft:stone":147,"minecraft:spruce_slab":3,"minecraft:tripwire":1,"minecraft:acacia_leaves":5,"minecraft:glass_pane":1,"minecraft:torch":3,"minecraft:emerald_ore":1,"minecraft:cobblestone":17,"minecraft:tall_grass":2,"minecraft:copper_ore":7,"minecraft:deepslate_gold_ore":2,"minecraft:diorite":29,"minecraft:wall_torch":3,"boh:spinel_ore_ore":4,"minecraft:wheat":9,"minecraft:birch_leaves":2,"minecraft:smooth_stone_slab":2,"minecraft:grass":6,"minecraft:oak_log":3,"minecraft:coal_ore":10,"minecraft:deepslate":663,"minecraft:netherrack":1,"minecraft:oak_leaves":15},"minecraft:killed":{"born_in_chaos_v1:door_knight_not_despawn":1,"boh:ghostface":1,"minecraft:spider":4,"born_in_chaos_v1:siamese_skeletonsright":1,"born_in_chaos_v1:maggot":3,"boh:goji":2,"minecraft:skeleton":10,"mowziesmobs:ferrous_wroughtnaut":1,"minecraft:magma_cube":3,"minecraft:husk":2,"born_in_chaos_v1:pumpkin_dunce":2,"boh:jason_mask":1,"minecraft:creeper":1,"born_in_chaos_v1:decrepit_skeleton":4,"alexsmobs:emu":1,"minecraft:sheep":2,"boh:chucky":1,"born_in_chaos_v1:decaying_zombie":2,"minecraft:zombie":9,"born_in_chaos_v1:dread_hound":2,"born_in_chaos_v1:corpse_fly":1,"boh:jason_voorhees":1,"boh:ghostface_decoy":1,"minecraft:cow":5,"minecraft:enderman":2,"born_in_chaos_v1:siamese_skeletonsleft":1},"minecraft:picked_up":{"born_in_chaos_v1:diamond_termite_shard":1,"minecraft:wheat":9,"minecraft:ladder":2,"boh:spinel":4,"minecraft:string":3,"minecraft:raw_copper":26,"minecraft:smooth_stone_slab":4,"terramity:accursed_soul":13,"born_in_chaos_v1:chocolate_heart":1,"alexsmobs:emu_feather":2,"minecraft:cobbled_deepslate":255,"minecraft:beef":10,"born_in_chaos_v1:smoldering_infernal_ember":3,"born_in_chaos_v1:gnawed_bones":1,"minecraft:spruce_slab":3,"minecraft:coal_block":24,"minecraft:birch_sapling":2,"alexsmobs:leafcutter_ant_chamber":4,"minecraft:raw_iron":39,"born_in_chaos_v1:shattered_skull":1,"minecraft:torch":9,"minecraft:acacia_log":4,"minecraft:diorite":29,"minecraft:arrow":8,"minecraft:rotten_flesh":23,"born_in_chaos_v1:sweet_sword":1,"born_in_chaos_v1:trident_hayfork":1,"minecraft:mutton":2,"alexsmobs:kangaroo_meat":1,"minecraft:white_wool":2,"minecraft:cobblestone":142,"born_in_chaos_v1:fused_bone":2,"born_in_chaos_v1:corpse_maggot":3,"minecraft:cooked_beef":2,"born_in_chaos_v1:monster_flesh":3,"minecraft:andesite":4,"minecraft:leather":4,"born_in_chaos_v1:mint_ice_cream":1,"minecraft:oak_log":3,"minecraft:gunpowder":1,"minecraft:cobblestone_stairs":4,"mowziesmobs:wrought_axe":1,"skilltree:gem":10,"minecraft:dirt":2,"born_in_chaos_v1:monster_skin":3,"minecraft:bone":14,"minecraft:wheat_seeds":27,"minecraft:raw_gold":1,"minecraft:acacia_sapling":4,"boh:gojibreath":3,"mowziesmobs:wrought_helmet":1,"epicfight:uchigatana":1,"minecraft:spider_eye":1,"minecraft:granite":3,"minecraft:emerald":1,"minecraft:oak_sapling":1,"minecraft:chorus_fruit":1,"minecraft:netherrack":1,"minecraft:coal":10},"minecraft:used":{"minecraft:spruce_slab":2,"born_in_chaos_v1:chocolate_heart":1,"minecraft:iron_sword":65,"minecraft:rotten_flesh":2,"minecraft:netherrack":2,"minecraft:torch":76,"minecraft:dirt":2,"minecraft:mutton":2,"minecraft:carrot":11,"minecraft:acacia_sapling":6,"boh:gojibreath":4,"minecraft:iron_axe":85,"minecraft:iron_boots":1,"minecraft:furnace":4,"minecraft:cobbled_deepslate":48,"minecraft:cooked_beef":12,"minecraft:acacia_planks":6,"minecraft:iron_leggings":1,"born_in_chaos_v1:trident_hayfork":1,"minecraft:wheat_seeds":18,"born_in_chaos_v1:mint_ice_cream":1,"minecraft:water_bucket":4,"minecraft:chorus_fruit":1,"minecraft:stone_pickaxe":43,"minecraft:leather_boots":1,"minecraft:golden_apple":3,"minecraft:crafting_table":4,"mowziesmobs:wrought_axe":100,"minecraft:apple":4,"minecraft:bread":20,"minecraft:iron_pickaxe":216,"alexsmobs:kangaroo_meat":1,"minecraft:cobblestone":128,"travelersbackpack:standard":2,"vanillaplustools:iron_hammer":93,"minecraft:bucket":5,"minecraft:smooth_stone_slab":8,"alexsmobs:leafcutter_ant_chamber":8,"epicfight:uchigatana":23},"minecraft:custom":{"minecraft:mob_kills":65,"minecraft:interact_with_crafting_table":22,"minecraft:open_barrel":58,"minecraft:leave_game":13,"minecraft:time_since_death":3113,"minecraft:climb_one_cm":12287,"minecraft:sprint_one_cm":316639,"minecraft:walk_one_cm":478051,"minecraft:drop":46,"minecraft:talked_to_villager":5,"minecraft:play_time":135535,"minecraft:deaths":6,"minecraft:sneak_time":4333,"minecraft:walk_under_water_one_cm":5777,"minecraft:jump":1383,"minecraft:walk_on_water_one_cm":18527,"minecraft:total_world_time":135535,"minecraft:interact_with_furnace":34,"minecraft:tune_noteblock":2,"minecraft:interact_with_stonecutter":1,"minecraft:sleep_in_bed":1,"minecraft:time_since_rest":3138,"minecraft:damage_taken":4573,"minecraft:damage_absorbed":120,"minecraft:damage_dealt":17598,"minecraft:player_kills":2,"minecraft:swim_one_cm":1460,"minecraft:fly_one_cm":307484,"minecraft:open_chest":44,"minecraft:crouch_one_cm":15021,"minecraft:interact_with_smoker":2,"minecraft:fall_one_cm":148583},"minecraft:crafted":{"minecraft:oak_planks":3,"minecraft:coal":2,"minecraft:leather_boots":1,"minecraft:furnace":2,"vanillaplustools:iron_hammer":1,"minecraft:iron_boots":1,"minecraft:iron_axe":1,"minecraft:stone_pickaxe":1,"minecraft:cooked_beef":10,"minecraft:crafting_table":2,"minecraft:bread":3,"minecraft:air":133,"minecraft:iron_chestplate":1,"minecraft:stick":14,"minecraft:iron_ingot":41,"minecraft:iron_pickaxe":9,"minecraft:iron_leggings":1,"minecraft:acacia_planks":4,"minecraft:torch":10},"minecraft:dropped":{"minecraft:water_bucket":1,"minecraft:iron_ingot":15,"born_in_chaos_v1:shattered_skull":1,"minecraft:wheat_seeds":18,"minecraft:granite":3,"minecraft:cobblestone_stairs":4,"born_in_chaos_v1:monster_flesh":3,"born_in_chaos_v1:gnawed_bones":1,"minecraft:diorite":29,"born_in_chaos_v1:monster_skin":3,"born_in_chaos_v1:fused_bone":2,"alexsmobs:emu_feather":2,"minecraft:amethyst_shard":6,"minecraft:iron_axe":1,"minecraft:string":11,"minecraft:white_wool":2,"minecraft:acacia_planks":1,"minecraft:bone":8,"minecraft:cobbled_deepslate":40,"minecraft:birch_sapling":2,"minecraft:rotten_flesh":21,"born_in_chaos_v1:smoldering_infernal_ember":1,"minecraft:gunpowder":8,"minecraft:andesite":4,"born_in_chaos_v1:diamond_termite_shard":1,"born_in_chaos_v1:corpse_maggot":3,"minecraft:ladder":2,"minecraft:acacia_sapling":1,"minecraft:leather_boots":1,"minecraft:oak_sapling":1,"born_in_chaos_v1:sweet_sword":1,"minecraft:spider_eye":1,"minecraft:spruce_slab":2,"minecraft:iron_ore":11,"minecraft:stone_pickaxe":1,"minecraft:raw_gold":1},"minecraft:killed_by":{"minecraft:player":3,"born_in_chaos_v1:corpse_fly":1,"mowziesmobs:ferrous_wroughtnaut":1}},"DataVersion":3465}