{"stats":{"minecraft:broken":{"vanillaplustools:iron_hammer":1},"minecraft:mined":{"minecraft:dark_oak_planks":1,"minecraft:tuff":146,"minecraft:deepslate_diamond_ore":8,"minecraft:sculk_vein":1,"minecraft:cobblestone_stairs":4,"minecraft:jungle_leaves":7,"minecraft:granite":62,"minecraft:acacia_log":9,"terramity:deepslate_topaz_ore":4,"minecraft:coal_block":24,"terramity:stone_tiles":8,"minecraft:spawner":4,"minecraft:diorite_slab":1,"minecraft:iron_ore":47,"minecraft:andesite":60,"minecraft:deepslate_lapis_ore":1,"minecraft:sculk_shrieker":2,"minecraft:deepslate_iron_ore":3,"minecraft:iron_bars":1,"minecraft:stone":934,"minecraft:spruce_slab":3,"minecraft:tripwire":1,"minecraft:acacia_leaves":5,"minecraft:glass_pane":1,"minecraft:torch":3,"minecraft:emerald_ore":1,"minecraft:sculk_sensor":3,"minecraft:cobblestone":19,"minecraft:copper_ore":7,"minecraft:tall_grass":2,"minecraft:deepslate_gold_ore":2,"minecraft:diorite":33,"minecraft:wall_torch":3,"boh:spinel_ore_ore":9,"minecraft:wheat":9,"minecraft:birch_leaves":2,"minecraft:smooth_stone_slab":2,"minecraft:grass":7,"minecraft:oak_log":3,"minecraft:coal_ore":10,"minecraft:gravel":2,"terramity:deepslate_iridescent_ore":1,"minecraft:cobweb":2,"minecraft:deepslate":1044,"minecraft:netherrack":1,"minecraft:oak_leaves":15,"minecraft:redstone_lamp":1},"minecraft:killed":{"born_in_chaos_v1:door_knight_not_despawn":1,"boh:ghostface":1,"minecraft:spider":4,"alexsmobs:seagull":1,"born_in_chaos_v1:siamese_skeletonsright":1,"born_in_chaos_v1:maggot":3,"boh:goji":2,"minecraft:skeleton":10,"mowziesmobs:ferrous_wroughtnaut":1,"terramity:echo_bug":1,"born_in_chaos_v1:barrel_zombie":1,"minecraft:magma_cube":3,"minecraft:husk":2,"born_in_chaos_v1:pumpkin_dunce":2,"boh:jason_mask":1,"minecraft:creeper":1,"born_in_chaos_v1:decrepit_skeleton":4,"alexsmobs:emu":1,"minecraft:sheep":2,"boh:chucky":1,"terramity:simple_turret":1,"born_in_chaos_v1:decaying_zombie":2,"minecraft:zombie":9,"born_in_chaos_v1:dread_hound":2,"born_in_chaos_v1:corpse_fly":1,"boh:jason_voorhees":1,"boh:ghostface_decoy":1,"minecraft:enderman":2,"born_in_chaos_v1:siamese_skeletonsleft":1,"minecraft:cow":5},"minecraft:picked_up":{"born_in_chaos_v1:diamond_termite_shard":1,"minecraft:wheat":9,"minecraft:ladder":2,"boh:spinel":4,"minecraft:string":49,"minecraft:raw_copper":26,"minecraft:smooth_stone_slab":4,"terramity:electronic_scrap":2,"terramity:accursed_soul":13,"born_in_chaos_v1:chocolate_heart":1,"alexsmobs:emu_feather":2,"minecraft:cobbled_deepslate":365,"minecraft:echo_shard":2,"minecraft:beef":10,"born_in_chaos_v1:smoldering_infernal_ember":3,"born_in_chaos_v1:gnawed_bones":1,"minecraft:spruce_slab":3,"minecraft:coal_block":24,"minecraft:birch_sapling":2,"alexsmobs:leafcutter_ant_chamber":4,"minecraft:stick":1,"minecraft:raw_iron":50,"born_in_chaos_v1:shattered_skull":1,"minecraft:torch":9,"minecraft:acacia_log":9,"minecraft:diorite":29,"minecraft:redstone":1,"minecraft:dark_oak_planks":1,"minecraft:arrow":8,"minecraft:rotten_flesh":23,"born_in_chaos_v1:sweet_sword":1,"born_in_chaos_v1:trident_hayfork":1,"minecraft:mutton":2,"alexsmobs:kangaroo_meat":1,"minecraft:white_wool":2,"minecraft:cobblestone":246,"born_in_chaos_v1:fused_bone":2,"born_in_chaos_v1:corpse_maggot":3,"minecraft:feather":1,"minecraft:cooked_beef":2,"born_in_chaos_v1:monster_flesh":3,"minecraft:andesite":38,"minecraft:leather":4,"born_in_chaos_v1:mint_ice_cream":1,"minecraft:oak_log":3,"terramity:topaz":4,"minecraft:gunpowder":1,"minecraft:cobblestone_stairs":4,"mowziesmobs:wrought_axe":1,"minecraft:lapis_lazuli":6,"skilltree:gem":11,"minecraft:dirt":2,"born_in_chaos_v1:monster_skin":3,"minecraft:bone":14,"minecraft:acacia_planks":16,"minecraft:wheat_seeds":27,"minecraft:raw_gold":1,"minecraft:iron_ingot":3,"minecraft:acacia_sapling":4,"boh:gojibreath":3,"terramity:iridescent_shard":3,"mowziesmobs:wrought_helmet":1,"epicfight:uchigatana":1,"minecraft:spider_eye":1,"minecraft:diamond":2,"minecraft:granite":3,"terramity:gold_round":9,"minecraft:emerald":1,"minecraft:oak_sapling":1,"minecraft:chorus_fruit":1,"minecraft:netherrack":1,"minecraft:coal":10},"minecraft:used":{"minecraft:spruce_slab":2,"born_in_chaos_v1:chocolate_heart":1,"minecraft:iron_sword":74,"minecraft:cooked_salmon":1,"minecraft:rotten_flesh":2,"minecraft:netherrack":2,"minecraft:torch":126,"minecraft:dirt":2,"minecraft:mutton":2,"minecraft:carrot":11,"minecraft:acacia_sapling":6,"minecraft:dark_oak_planks":2,"boh:gojibreath":4,"minecraft:iron_axe":85,"minecraft:iron_boots":1,"minecraft:furnace":8,"minecraft:cooked_cod":1,"minecraft:cooked_beef":12,"minecraft:acacia_planks":6,"minecraft:cobbled_deepslate":140,"minecraft:iron_leggings":1,"born_in_chaos_v1:trident_hayfork":1,"minecraft:wheat_seeds":18,"born_in_chaos_v1:mint_ice_cream":1,"minecraft:water_bucket":4,"minecraft:chorus_fruit":1,"minecraft:stone_pickaxe":43,"minecraft:leather_boots":1,"minecraft:salmon":1,"minecraft:golden_apple":4,"minecraft:glow_berries":9,"minecraft:crafting_table":8,"mowziesmobs:wrought_axe":107,"minecraft:diamond_pickaxe":7,"minecraft:apple":4,"minecraft:bread":20,"minecraft:iron_pickaxe":216,"alexsmobs:kangaroo_meat":1,"minecraft:cobblestone":154,"travelersbackpack:standard":2,"vanillaplustools:iron_hammer":249,"minecraft:bucket":5,"minecraft:smooth_stone_slab":8,"alexsmobs:leafcutter_ant_chamber":8,"epicfight:uchigatana":37},"minecraft:custom":{"minecraft:mob_kills":69,"minecraft:interact_with_crafting_table":36,"minecraft:open_barrel":72,"minecraft:leave_game":13,"minecraft:time_since_death":6219,"minecraft:climb_one_cm":13820,"minecraft:sprint_one_cm":401208,"minecraft:walk_one_cm":568264,"minecraft:drop":58,"minecraft:talked_to_villager":5,"minecraft:play_time":169968,"minecraft:deaths":7,"minecraft:sneak_time":10044,"minecraft:walk_under_water_one_cm":5777,"minecraft:jump":1611,"minecraft:walk_on_water_one_cm":20536,"minecraft:total_world_time":169968,"minecraft:interact_with_furnace":47,"minecraft:tune_noteblock":2,"minecraft:interact_with_stonecutter":1,"minecraft:sleep_in_bed":1,"minecraft:time_since_rest":6247,"minecraft:damage_taken":5134,"minecraft:damage_absorbed":160,"minecraft:damage_dealt":18781,"minecraft:swim_one_cm":1460,"minecraft:fly_one_cm":374118,"minecraft:player_kills":3,"minecraft:open_chest":52,"minecraft:crouch_one_cm":39482,"minecraft:interact_with_smoker":2,"minecraft:fall_one_cm":186531},"minecraft:crafted":{"minecraft:oak_planks":3,"minecraft:coal":5,"minecraft:leather_boots":1,"minecraft:furnace":4,"vanillaplustools:iron_hammer":1,"minecraft:iron_boots":1,"minecraft:iron_axe":1,"minecraft:stone_pickaxe":1,"minecraft:chest":1,"sophisticatedbackpacks:iron_backpack":1,"minecraft:cooked_beef":10,"sophisticatedbackpacks:backpack":1,"minecraft:crafting_table":4,"sophisticatedbackpacks:gold_backpack":1,"minecraft:bread":3,"minecraft:air":200,"minecraft:iron_chestplate":1,"minecraft:diamond_pickaxe":1,"minecraft:stick":18,"minecraft:iron_pickaxe":9,"minecraft:iron_ingot":63,"minecraft:iron_leggings":1,"minecraft:acacia_planks":9,"minecraft:torch":13},"minecraft:dropped":{"minecraft:water_bucket":1,"minecraft:iron_ingot":15,"born_in_chaos_v1:shattered_skull":1,"minecraft:wheat_seeds":18,"minecraft:feather":1,"minecraft:cobblestone":165,"minecraft:granite":3,"travelersbackpack:standard":1,"minecraft:cobblestone_stairs":4,"born_in_chaos_v1:monster_flesh":3,"born_in_chaos_v1:gnawed_bones":1,"minecraft:diorite":29,"born_in_chaos_v1:monster_skin":3,"born_in_chaos_v1:fused_bone":2,"alexsmobs:emu_feather":2,"minecraft:amethyst_shard":6,"minecraft:iron_axe":1,"minecraft:string":11,"minecraft:redstone":1,"minecraft:white_wool":2,"minecraft:acacia_planks":17,"minecraft:bone":8,"minecraft:cobbled_deepslate":296,"minecraft:birch_sapling":2,"minecraft:rotten_flesh":21,"born_in_chaos_v1:smoldering_infernal_ember":1,"minecraft:gunpowder":8,"minecraft:ladder":2,"minecraft:andesite":38,"minecraft:acacia_sapling":1,"born_in_chaos_v1:corpse_maggot":3,"minecraft:leather_boots":1,"minecraft:oak_sapling":1,"born_in_chaos_v1:diamond_termite_shard":1,"born_in_chaos_v1:sweet_sword":1,"minecraft:spider_eye":1,"minecraft:spruce_slab":2,"minecraft:iron_ore":11,"minecraft:stone_pickaxe":1,"minecraft:raw_gold":1},"minecraft:killed_by":{"minecraft:player":3,"terramity:echo_bug":1,"born_in_chaos_v1:corpse_fly":1,"mowziesmobs:ferrous_wroughtnaut":1}},"DataVersion":3465}