{"stats":{"minecraft:mined":{"minecraft:grass":2,"minecraft:grass_block":1,"minecraft:dirt":2,"minecraft:dark_oak_leaves":3,"minecraft:stone":16,"minecraft:dark_oak_log":3},"minecraft:killed_by":{"minecraft:player":1},"minecraft:crafted":{"minecraft:dark_oak_slab":1,"minecraft:dark_oak_planks":3,"minecraft:crafting_table":1,"minecraft:stick":1,"minecraft:stone_pickaxe":1,"minecraft:wooden_pickaxe":1,"minecraft:air":23},"minecraft:used":{"minecraft:dirt":6,"minecraft:crafting_table":2,"minecraft:stone_pickaxe":12,"minecraft:wooden_pickaxe":6,"minecraft:dark_oak_slab":2},"minecraft:picked_up":{"minecraft:dark_oak_log":5,"minecraft:dirt":3,"minecraft:cobblestone":16},"minecraft:custom":{"minecraft:time_since_rest":5436,"minecraft:crouch_one_cm":144,"minecraft:play_time":16639,"minecraft:sprint_one_cm":23870,"minecraft:deaths":1,"minecraft:damage_taken":290,"minecraft:walk_one_cm":28428,"minecraft:sneak_time":55,"minecraft:jump":149,"minecraft:damage_dealt":126,"minecraft:leave_game":1,"minecraft:time_since_death":5408,"minecraft:total_world_time":16639,"minecraft:fall_one_cm":4366,"minecraft:interact_with_crafting_table":5,"minecraft:fly_one_cm":23463}},"DataVersion":3465}