{"stats":{"minecraft:mined":{"minecraft:dark_oak_leaves":3,"minecraft:dark_oak_log":3,"minecraft:grass":2,"minecraft:grass_block":1,"minecraft:dirt":2,"minecraft:lapis_ore":3,"minecraft:stone":398},"minecraft:killed_by":{"minecraft:player":1},"minecraft:dropped":{"terramity:cardboard_block":1,"minecraft:cobblestone":157},"minecraft:crafted":{"minecraft:dark_oak_slab":1,"vanillaplustools:stone_hammer":1,"minecraft:crafting_table":1,"minecraft:stick":9,"minecraft:wooden_pickaxe":1,"minecraft:stone_pickaxe":9,"minecraft:stone_sword":1,"minecraft:dark_oak_planks":5,"minecraft:air":56},"minecraft:used":{"minecraft:stone_sword":11,"minecraft:chicken":1,"minecraft:stone_pickaxe":28,"minecraft:wooden_pickaxe":6,"minecraft:dark_oak_slab":2,"vanillaplustools:stone_hammer":43,"minecraft:dirt":6,"minecraft:cobblestone":8,"minecraft:crafting_table":2,"minecraft:porkchop":2},"minecraft:killed":{"minecraft:pig":3,"minecraft:chicken":1,"minecraft:creeper":1},"minecraft:picked_up":{"minecraft:feather":2,"minecraft:chicken":1,"terramity:cardboard_block":1,"minecraft:porkchop":7,"minecraft:dark_oak_log":5,"minecraft:lapis_lazuli":19,"minecraft:dirt":3,"minecraft:cobblestone":377},"minecraft:custom":{"minecraft:time_since_rest":28078,"minecraft:interact_with_furnace":2,"minecraft:sprint_one_cm":70471,"minecraft:damage_taken":290,"minecraft:walk_one_cm":100707,"minecraft:mob_kills":5,"minecraft:drop":4,"minecraft:damage_dealt":696,"minecraft:interact_with_crafting_table":10,"minecraft:swim_one_cm":19807,"minecraft:fly_one_cm":296573,"minecraft:crouch_one_cm":2527,"minecraft:play_time":39281,"minecraft:deaths":1,"minecraft:sneak_time":690,"minecraft:walk_under_water_one_cm":2496,"minecraft:jump":327,"minecraft:leave_game":3,"minecraft:time_since_death":28050,"minecraft:walk_on_water_one_cm":5148,"minecraft:total_world_time":39281,"minecraft:fall_one_cm":6514}},"DataVersion":3465}