{"stats":{"minecraft:picked_up":{"minecraft:wheat":9,"minecraft:leather":2,"minecraft:acacia_log":4,"born_in_chaos_v1:mint_ice_cream":1,"terramity:accursed_soul":4,"alexsmobs:emu_feather":2,"minecraft:wheat_seeds":27,"minecraft:beef":1,"minecraft:acacia_sapling":4,"alexsmobs:kangaroo_meat":1,"minecraft:cobblestone":30},"minecraft:crafted":{"minecraft:iron_axe":1,"minecraft:crafting_table":1,"minecraft:stick":8,"minecraft:iron_pickaxe":1,"minecraft:stone_pickaxe":1,"minecraft:acacia_planks":4,"minecraft:air":23,"minecraft:bread":3},"minecraft:used":{"born_in_chaos_v1:mint_ice_cream":1,"minecraft:iron_axe":4,"minecraft:bread":3,"minecraft:stone_pickaxe":43,"alexsmobs:kangaroo_meat":1,"minecraft:crafting_table":2,"minecraft:acacia_sapling":6,"minecraft:acacia_planks":6},"minecraft:dropped":{"minecraft:acacia_sapling":1},"minecraft:custom":{"minecraft:time_since_rest":17202,"minecraft:sprint_one_cm":13069,"minecraft:damage_taken":355,"minecraft:walk_one_cm":86485,"minecraft:mob_kills":3,"minecraft:drop":1,"minecraft:damage_dealt":925,"minecraft:interact_with_crafting_table":5,"minecraft:talked_to_villager":4,"minecraft:fly_one_cm":16742,"minecraft:open_barrel":4,"minecraft:open_chest":6,"minecraft:crouch_one_cm":679,"minecraft:play_time":17202,"minecraft:sneak_time":168,"minecraft:jump":161,"minecraft:time_since_death":17202,"minecraft:walk_on_water_one_cm":736,"minecraft:total_world_time":17202,"minecraft:interact_with_smoker":1,"minecraft:climb_one_cm":51,"minecraft:fall_one_cm":2485},"minecraft:killed":{"minecraft:cow":1,"minecraft:enderman":1,"alexsmobs:emu":1},"minecraft:mined":{"minecraft:acacia_leaves":5,"minecraft:wheat":9,"minecraft:grass":4,"minecraft:acacia_log":4,"minecraft:stone":30,"minecraft:spawner":1}},"DataVersion":3465}