{"stats":{"minecraft:picked_up":{"minecraft:wheat":9,"minecraft:ladder":2,"boh:spinel":4,"minecraft:string":3,"minecraft:raw_copper":26,"minecraft:smooth_stone_slab":4,"terramity:accursed_soul":13,"born_in_chaos_v1:chocolate_heart":1,"alexsmobs:emu_feather":2,"minecraft:beef":10,"born_in_chaos_v1:smoldering_infernal_ember":3,"born_in_chaos_v1:gnawed_bones":1,"minecraft:spruce_slab":3,"minecraft:coal_block":24,"minecraft:birch_sapling":2,"minecraft:raw_iron":39,"born_in_chaos_v1:shattered_skull":1,"minecraft:torch":9,"minecraft:acacia_log":4,"minecraft:diorite":29,"minecraft:arrow":5,"minecraft:rotten_flesh":21,"born_in_chaos_v1:sweet_sword":1,"born_in_chaos_v1:trident_hayfork":1,"minecraft:mutton":2,"alexsmobs:kangaroo_meat":1,"minecraft:white_wool":2,"minecraft:cobblestone":118,"born_in_chaos_v1:fused_bone":2,"born_in_chaos_v1:corpse_maggot":2,"born_in_chaos_v1:monster_flesh":3,"minecraft:andesite":4,"minecraft:leather":4,"born_in_chaos_v1:mint_ice_cream":1,"minecraft:oak_log":3,"minecraft:gunpowder":1,"minecraft:cobblestone_stairs":4,"mowziesmobs:wrought_axe":1,"skilltree:gem":9,"minecraft:dirt":2,"born_in_chaos_v1:monster_skin":3,"minecraft:bone":11,"minecraft:wheat_seeds":27,"minecraft:acacia_sapling":4,"boh:gojibreath":3,"mowziesmobs:wrought_helmet":1,"minecraft:spider_eye":1,"minecraft:granite":3,"minecraft:emerald":1,"minecraft:oak_sapling":1,"minecraft:netherrack":1,"minecraft:coal":10},"minecraft:used":{"minecraft:spruce_slab":2,"born_in_chaos_v1:chocolate_heart":1,"minecraft:iron_sword":31,"minecraft:rotten_flesh":2,"minecraft:netherrack":2,"minecraft:torch":76,"minecraft:dirt":2,"minecraft:mutton":2,"minecraft:carrot":7,"minecraft:acacia_sapling":6,"boh:gojibreath":4,"minecraft:iron_axe":85,"minecraft:iron_boots":1,"minecraft:furnace":4,"minecraft:cooked_beef":10,"minecraft:acacia_planks":6,"minecraft:iron_leggings":1,"minecraft:wheat_seeds":18,"born_in_chaos_v1:mint_ice_cream":1,"minecraft:water_bucket":3,"minecraft:stone_pickaxe":43,"minecraft:leather_boots":1,"minecraft:golden_apple":2,"minecraft:crafting_table":4,"mowziesmobs:wrought_axe":89,"minecraft:apple":4,"minecraft:bread":7,"minecraft:iron_pickaxe":216,"alexsmobs:kangaroo_meat":1,"minecraft:cobblestone":122,"travelersbackpack:standard":2,"minecraft:bucket":4,"minecraft:smooth_stone_slab":8},"minecraft:crafted":{"minecraft:oak_planks":3,"minecraft:coal":2,"minecraft:leather_boots":1,"minecraft:furnace":2,"vanillaplustools:iron_hammer":1,"minecraft:iron_boots":1,"minecraft:iron_axe":1,"minecraft:stone_pickaxe":1,"minecraft:cooked_beef":10,"minecraft:crafting_table":2,"minecraft:bread":3,"minecraft:air":133,"minecraft:iron_chestplate":1,"minecraft:stick":14,"minecraft:iron_ingot":41,"minecraft:iron_pickaxe":9,"minecraft:iron_leggings":1,"minecraft:acacia_planks":4,"minecraft:torch":10},"minecraft:killed_by":{"born_in_chaos_v1:corpse_fly":1,"mowziesmobs:ferrous_wroughtnaut":1},"minecraft:dropped":{"born_in_chaos_v1:shattered_skull":1,"minecraft:wheat_seeds":18,"minecraft:granite":3,"minecraft:cobblestone_stairs":4,"born_in_chaos_v1:monster_flesh":3,"born_in_chaos_v1:gnawed_bones":1,"minecraft:diorite":29,"born_in_chaos_v1:monster_skin":3,"born_in_chaos_v1:fused_bone":2,"alexsmobs:emu_feather":2,"minecraft:iron_axe":1,"minecraft:string":11,"minecraft:white_wool":2,"minecraft:acacia_planks":1,"minecraft:bone":7,"minecraft:birch_sapling":2,"minecraft:rotten_flesh":19,"born_in_chaos_v1:smoldering_infernal_ember":1,"minecraft:gunpowder":8,"minecraft:andesite":4,"born_in_chaos_v1:corpse_maggot":2,"minecraft:ladder":2,"minecraft:acacia_sapling":1,"minecraft:leather_boots":1,"minecraft:oak_sapling":1,"born_in_chaos_v1:sweet_sword":1,"minecraft:spider_eye":1,"minecraft:spruce_slab":2,"minecraft:stone_pickaxe":1},"minecraft:custom":{"minecraft:mob_kills":55,"minecraft:interact_with_crafting_table":22,"minecraft:open_barrel":41,"minecraft:leave_game":8,"minecraft:time_since_death":50240,"minecraft:climb_one_cm":11436,"minecraft:sprint_one_cm":222720,"minecraft:walk_one_cm":354068,"minecraft:drop":36,"minecraft:talked_to_villager":5,"minecraft:play_time":93590,"minecraft:deaths":2,"minecraft:sneak_time":3082,"minecraft:walk_under_water_one_cm":2289,"minecraft:jump":1080,"minecraft:walk_on_water_one_cm":15369,"minecraft:total_world_time":93590,"minecraft:interact_with_furnace":34,"minecraft:tune_noteblock":2,"minecraft:interact_with_stonecutter":1,"minecraft:sleep_in_bed":1,"minecraft:time_since_rest":2763,"minecraft:damage_taken":2507,"minecraft:damage_absorbed":80,"minecraft:damage_dealt":13894,"minecraft:swim_one_cm":1041,"minecraft:fly_one_cm":226736,"minecraft:open_chest":37,"minecraft:crouch_one_cm":9107,"minecraft:interact_with_smoker":1,"minecraft:fall_one_cm":91648},"minecraft:killed":{"born_in_chaos_v1:door_knight_not_despawn":1,"boh:ghostface":1,"minecraft:spider":3,"born_in_chaos_v1:siamese_skeletonsright":1,"born_in_chaos_v1:maggot":3,"boh:goji":2,"minecraft:skeleton":8,"mowziesmobs:ferrous_wroughtnaut":1,"minecraft:magma_cube":3,"born_in_chaos_v1:pumpkin_dunce":2,"boh:jason_mask":1,"minecraft:creeper":1,"born_in_chaos_v1:decrepit_skeleton":3,"alexsmobs:emu":1,"minecraft:sheep":2,"boh:chucky":1,"born_in_chaos_v1:decaying_zombie":1,"minecraft:zombie":9,"born_in_chaos_v1:dread_hound":2,"boh:jason_voorhees":1,"boh:ghostface_decoy":1,"minecraft:cow":5,"born_in_chaos_v1:siamese_skeletonsleft":1,"minecraft:enderman":1},"minecraft:mined":{"minecraft:cobblestone_stairs":4,"minecraft:granite":3,"minecraft:acacia_log":4,"minecraft:coal_block":24,"minecraft:spawner":4,"minecraft:iron_ore":39,"minecraft:andesite":4,"minecraft:iron_bars":1,"minecraft:stone":96,"minecraft:spruce_slab":3,"minecraft:tripwire":1,"minecraft:acacia_leaves":5,"minecraft:glass_pane":1,"minecraft:torch":3,"minecraft:emerald_ore":1,"minecraft:cobblestone":17,"minecraft:copper_ore":7,"minecraft:tall_grass":1,"minecraft:diorite":29,"minecraft:wall_torch":3,"boh:spinel_ore_ore":4,"minecraft:wheat":9,"minecraft:birch_leaves":2,"minecraft:smooth_stone_slab":2,"minecraft:grass":5,"minecraft:oak_log":3,"minecraft:coal_ore":10,"minecraft:netherrack":1,"minecraft:oak_leaves":15}},"DataVersion":3465}