{"stats":{"minecraft:picked_up":{"born_in_chaos_v1:fused_bone":2,"born_in_chaos_v1:corpse_maggot":2,"minecraft:wheat":9,"minecraft:ladder":2,"minecraft:andesite":4,"minecraft:leather":4,"boh:spinel":4,"born_in_chaos_v1:mint_ice_cream":1,"minecraft:cobblestone_stairs":4,"minecraft:gunpowder":1,"mowziesmobs:wrought_axe":1,"skilltree:gem":3,"minecraft:string":3,"minecraft:dirt":2,"minecraft:raw_copper":26,"minecraft:smooth_stone_slab":4,"minecraft:bone":8,"born_in_chaos_v1:chocolate_heart":1,"terramity:accursed_soul":4,"alexsmobs:emu_feather":2,"minecraft:wheat_seeds":27,"minecraft:beef":10,"born_in_chaos_v1:smoldering_infernal_ember":3,"minecraft:coal_block":24,"minecraft:acacia_sapling":4,"minecraft:raw_iron":3,"born_in_chaos_v1:shattered_skull":1,"minecraft:torch":4,"minecraft:acacia_log":4,"mowziesmobs:wrought_helmet":1,"minecraft:diorite":29,"minecraft:spider_eye":1,"minecraft:arrow":5,"minecraft:rotten_flesh":14,"born_in_chaos_v1:sweet_sword":1,"minecraft:granite":3,"minecraft:netherrack":1,"minecraft:mutton":2,"minecraft:coal":10,"alexsmobs:kangaroo_meat":1,"minecraft:white_wool":2,"minecraft:cobblestone":117},"minecraft:used":{"minecraft:wheat_seeds":18,"born_in_chaos_v1:mint_ice_cream":1,"minecraft:stone_pickaxe":43,"born_in_chaos_v1:chocolate_heart":1,"minecraft:leather_boots":1,"minecraft:rotten_flesh":2,"minecraft:netherrack":2,"minecraft:torch":66,"minecraft:golden_apple":1,"minecraft:dirt":2,"minecraft:mutton":2,"minecraft:crafting_table":2,"minecraft:acacia_sapling":6,"minecraft:iron_axe":85,"minecraft:bread":3,"minecraft:iron_pickaxe":175,"alexsmobs:kangaroo_meat":1,"minecraft:cobblestone":122,"travelersbackpack:standard":2,"minecraft:furnace":2,"minecraft:smooth_stone_slab":8,"minecraft:cooked_beef":4,"minecraft:acacia_planks":6},"minecraft:crafted":{"minecraft:cooked_beef":4,"minecraft:coal":2,"minecraft:leather_boots":1,"minecraft:crafting_table":1,"minecraft:furnace":1,"minecraft:bread":3,"minecraft:air":91,"minecraft:iron_axe":1,"minecraft:stick":10,"minecraft:iron_pickaxe":1,"minecraft:stone_pickaxe":1,"minecraft:acacia_planks":4,"minecraft:torch":10},"minecraft:dropped":{"born_in_chaos_v1:shattered_skull":1,"minecraft:rotten_flesh":5,"born_in_chaos_v1:smoldering_infernal_ember":1,"minecraft:gunpowder":7,"minecraft:acacia_sapling":1,"born_in_chaos_v1:sweet_sword":1,"alexsmobs:emu_feather":2,"minecraft:string":1,"minecraft:bone":4},"minecraft:killed_by":{"mowziesmobs:ferrous_wroughtnaut":1,"born_in_chaos_v1:corpse_fly":1},"minecraft:custom":{"minecraft:interact_with_furnace":6,"minecraft:mob_kills":39,"minecraft:interact_with_crafting_table":8,"minecraft:tune_noteblock":2,"minecraft:open_barrel":4,"minecraft:interact_with_stonecutter":1,"minecraft:leave_game":1,"minecraft:time_since_death":7157,"minecraft:climb_one_cm":10051,"minecraft:time_since_rest":7182,"minecraft:walk_one_cm":248778,"minecraft:sprint_one_cm":101815,"minecraft:damage_absorbed":40,"minecraft:damage_taken":1611,"minecraft:drop":9,"minecraft:damage_dealt":7129,"minecraft:talked_to_villager":4,"minecraft:fly_one_cm":87147,"minecraft:open_chest":20,"minecraft:crouch_one_cm":6033,"minecraft:play_time":50507,"minecraft:deaths":2,"minecraft:sneak_time":1976,"minecraft:walk_under_water_one_cm":723,"minecraft:jump":557,"minecraft:walk_on_water_one_cm":15136,"minecraft:total_world_time":50507,"minecraft:interact_with_smoker":1,"minecraft:fall_one_cm":14819},"minecraft:killed":{"minecraft:magma_cube":3,"born_in_chaos_v1:pumpkin_dunce":2,"minecraft:spider":2,"born_in_chaos_v1:siamese_skeletonsright":1,"minecraft:creeper":1,"born_in_chaos_v1:decrepit_skeleton":1,"born_in_chaos_v1:maggot":3,"alexsmobs:emu":1,"minecraft:sheep":2,"minecraft:skeleton":7,"mowziesmobs:ferrous_wroughtnaut":1,"born_in_chaos_v1:decaying_zombie":1,"minecraft:zombie":7,"born_in_chaos_v1:siamese_skeletonsleft":1,"minecraft:enderman":1,"minecraft:cow":5},"minecraft:mined":{"minecraft:acacia_leaves":5,"minecraft:glass_pane":1,"minecraft:cobblestone_stairs":4,"minecraft:granite":3,"minecraft:acacia_log":4,"minecraft:coal_block":24,"minecraft:copper_ore":7,"minecraft:cobblestone":17,"minecraft:diorite":29,"minecraft:wall_torch":1,"minecraft:spawner":1,"boh:spinel_ore_ore":4,"minecraft:iron_ore":3,"minecraft:wheat":9,"minecraft:andesite":4,"minecraft:smooth_stone_slab":2,"minecraft:grass":4,"minecraft:coal_ore":10,"minecraft:iron_bars":1,"minecraft:stone":95,"minecraft:netherrack":1,"minecraft:tripwire":1}},"DataVersion":3465}