{"stats":{"minecraft:picked_up":{"born_in_chaos_v1:fused_bone":2,"born_in_chaos_v1:corpse_maggot":2,"minecraft:wheat":9,"born_in_chaos_v1:monster_flesh":3,"minecraft:ladder":2,"minecraft:andesite":4,"minecraft:leather":4,"boh:spinel":4,"born_in_chaos_v1:mint_ice_cream":1,"minecraft:cobblestone_stairs":4,"minecraft:gunpowder":1,"mowziesmobs:wrought_axe":1,"skilltree:gem":5,"minecraft:string":3,"minecraft:dirt":2,"minecraft:raw_copper":26,"minecraft:smooth_stone_slab":4,"born_in_chaos_v1:monster_skin":3,"minecraft:bone":11,"born_in_chaos_v1:chocolate_heart":1,"terramity:accursed_soul":13,"alexsmobs:emu_feather":2,"minecraft:wheat_seeds":27,"minecraft:beef":10,"born_in_chaos_v1:smoldering_infernal_ember":3,"born_in_chaos_v1:gnawed_bones":1,"minecraft:coal_block":24,"minecraft:acacia_sapling":4,"boh:gojibreath":3,"minecraft:raw_iron":11,"born_in_chaos_v1:shattered_skull":1,"minecraft:torch":8,"minecraft:acacia_log":4,"mowziesmobs:wrought_helmet":1,"minecraft:diorite":29,"minecraft:spider_eye":1,"minecraft:arrow":5,"minecraft:rotten_flesh":21,"born_in_chaos_v1:sweet_sword":1,"minecraft:granite":3,"born_in_chaos_v1:trident_hayfork":1,"minecraft:netherrack":1,"minecraft:mutton":2,"minecraft:coal":10,"alexsmobs:kangaroo_meat":1,"minecraft:white_wool":2,"minecraft:cobblestone":117},"minecraft:used":{"minecraft:wheat_seeds":18,"born_in_chaos_v1:mint_ice_cream":1,"minecraft:stone_pickaxe":43,"born_in_chaos_v1:chocolate_heart":1,"minecraft:leather_boots":1,"minecraft:rotten_flesh":2,"minecraft:netherrack":2,"minecraft:torch":74,"minecraft:golden_apple":1,"minecraft:dirt":2,"minecraft:mutton":2,"minecraft:crafting_table":2,"minecraft:acacia_sapling":6,"mowziesmobs:wrought_axe":43,"boh:gojibreath":4,"minecraft:iron_axe":85,"minecraft:bread":4,"minecraft:iron_pickaxe":186,"alexsmobs:kangaroo_meat":1,"minecraft:cobblestone":122,"travelersbackpack:standard":2,"minecraft:furnace":2,"minecraft:smooth_stone_slab":8,"minecraft:cooked_beef":8,"minecraft:acacia_planks":6},"minecraft:crafted":{"minecraft:cooked_beef":10,"minecraft:coal":2,"minecraft:leather_boots":1,"minecraft:crafting_table":1,"minecraft:furnace":1,"minecraft:bread":3,"minecraft:air":92,"minecraft:iron_chestplate":1,"minecraft:iron_axe":1,"minecraft:stick":10,"minecraft:iron_ingot":5,"minecraft:iron_pickaxe":1,"minecraft:stone_pickaxe":1,"minecraft:acacia_planks":4,"minecraft:torch":10},"minecraft:dropped":{"born_in_chaos_v1:shattered_skull":1,"minecraft:wheat_seeds":18,"minecraft:rotten_flesh":13,"minecraft:granite":3,"born_in_chaos_v1:smoldering_infernal_ember":1,"minecraft:cobblestone_stairs":4,"born_in_chaos_v1:monster_flesh":3,"born_in_chaos_v1:gnawed_bones":1,"born_in_chaos_v1:monster_skin":3,"minecraft:diorite":29,"minecraft:gunpowder":8,"minecraft:andesite":4,"born_in_chaos_v1:corpse_maggot":2,"minecraft:ladder":2,"born_in_chaos_v1:fused_bone":2,"minecraft:acacia_sapling":1,"minecraft:spider_eye":1,"born_in_chaos_v1:sweet_sword":1,"alexsmobs:emu_feather":2,"minecraft:iron_axe":1,"minecraft:string":3,"minecraft:white_wool":2,"minecraft:acacia_planks":1,"minecraft:bone":4},"minecraft:killed_by":{"mowziesmobs:ferrous_wroughtnaut":1,"born_in_chaos_v1:corpse_fly":1},"minecraft:custom":{"minecraft:interact_with_furnace":14,"minecraft:mob_kills":48,"minecraft:interact_with_crafting_table":9,"minecraft:tune_noteblock":2,"minecraft:open_barrel":14,"minecraft:interact_with_stonecutter":1,"minecraft:leave_game":1,"minecraft:time_since_death":19157,"minecraft:climb_one_cm":10067,"minecraft:time_since_rest":19182,"minecraft:walk_one_cm":292194,"minecraft:sprint_one_cm":119371,"minecraft:damage_absorbed":40,"minecraft:damage_taken":1792,"minecraft:drop":28,"minecraft:damage_dealt":10022,"minecraft:talked_to_villager":4,"minecraft:fly_one_cm":104238,"minecraft:open_chest":26,"minecraft:crouch_one_cm":6995,"minecraft:play_time":62507,"minecraft:deaths":2,"minecraft:sneak_time":2486,"minecraft:walk_under_water_one_cm":723,"minecraft:jump":716,"minecraft:walk_on_water_one_cm":15243,"minecraft:total_world_time":62507,"minecraft:interact_with_smoker":1,"minecraft:fall_one_cm":15448},"minecraft:killed":{"minecraft:magma_cube":3,"born_in_chaos_v1:pumpkin_dunce":2,"born_in_chaos_v1:door_knight_not_despawn":1,"minecraft:spider":3,"born_in_chaos_v1:siamese_skeletonsright":1,"minecraft:creeper":1,"born_in_chaos_v1:decrepit_skeleton":3,"born_in_chaos_v1:maggot":3,"alexsmobs:emu":1,"boh:goji":1,"minecraft:sheep":2,"minecraft:skeleton":7,"mowziesmobs:ferrous_wroughtnaut":1,"born_in_chaos_v1:decaying_zombie":1,"minecraft:zombie":9,"born_in_chaos_v1:dread_hound":2,"born_in_chaos_v1:siamese_skeletonsleft":1,"minecraft:enderman":1,"minecraft:cow":5},"minecraft:mined":{"minecraft:acacia_leaves":5,"minecraft:glass_pane":1,"minecraft:cobblestone_stairs":4,"minecraft:torch":2,"minecraft:granite":3,"minecraft:acacia_log":4,"minecraft:coal_block":24,"minecraft:copper_ore":7,"minecraft:cobblestone":17,"minecraft:diorite":29,"minecraft:wall_torch":3,"minecraft:spawner":4,"boh:spinel_ore_ore":4,"minecraft:iron_ore":11,"minecraft:wheat":9,"minecraft:andesite":4,"minecraft:smooth_stone_slab":2,"minecraft:grass":4,"minecraft:coal_ore":10,"minecraft:iron_bars":1,"minecraft:stone":95,"minecraft:netherrack":1,"minecraft:tripwire":1}},"DataVersion":3465}